Dataset-Quantity-metrics,AutoTimes,CALF,Chronos,Dlinear,FedFormer,FITS,GPT4TS,LLMMixer,MOIRAI,Moment,PatchTST,ROSE,S2IPLLM,TimeLLM,TimeMixer,Timer,TimesFM,TimesNet,TTMs,UniTS,UniTime,iTransformer,LightGTS
contact-text,Yong Liu,Peiyuan Liu,Abdul Fatir Ansari,Ailing Zeng (CUHK),,Tian Zhou (Alibaba),Tian Zhou,Md Kowsher,Gerald Woo,Mononito Goswami,Yuqi Nie (Princeton),Yihang Wang,Zijie Pan,Ming Jin,,Yong Liu,Rajat Sen,,Vijay Ekambaram,Shanghua Gao,Xu Liu,Mingsheng Long (THU),Yihang Wang
contact-url,liuyong21@mails.tsinghua.edu.cn,peiyuanliu.edu@gmail.com,ansarnd@amazon.com,zengailing@idea.edu.cn,,tian.zt@alibaba-inc.com,tian.zt@alibaba-inc.com,,gwoo@salesforce.com,mgoswami@andrew.cmu.edu,ynie@princeton.edu,yhwang@stu.ecnu.edu.cn,yuriy.nevmyvaka@morganstanley.com,ming.jin@monash.edu,,liuyong21@mails.tsinghua.edu.cn,senrajat@google.com,,vijaye12@in.ibm.com,shanghua_gao@hms.harvard.edu,liuxu@comp.nus.edu.sg,mingsheng@tsinghua.edu.cn,
paper-url,https://openreview.net/pdf?id=FOvZztnp1H,https://ojs.aaai.org/index.php/AAAI/article/view/34082,https://openreview.net/forum?id=gerNCVqqtR,https://ojs.aaai.org/index.php/AAAI/article/view/26317,https://proceedings.mlr.press/v162/zhou22g.html,[2307.03756] FITS: Modeling Time Series with $10k$ Parameters,https://openreview.net/forum?id=gMS6FVZvmF,https://arxiv.org/html/2410.11674,https://openreview.net/forum?id=Yd8eHMY1wz,https://openreview.net/forum?id=FVvf69a5rx,https://openreview.net/forum?id=Jbdc0vTOcol,https://arxiv.org/abs/2405.17478,https://openreview.net/forum?id=qwQVV5R8Y7,https://openreview.net/forum?id=Unb5CVPtae,https://arxiv.org/abs/2405.14616,https://openreview.net/forum?id=bYRYb7DMNo,https://openreview.net/forum?id=jn2iTJas6h,https://arxiv.org/pdf/2210.02186v2/1000,https://arxiv.org/abs/2401.03955,https://arxiv.org/abs/2403.00131,https://dl.acm.org/doi/10.1145/3589334.3645434,https://arxiv.org/abs/2310.06625,
code-url,https://github.com/thuml/AutoTimes,https://github.com/Hank0626/CALF,https://github.com/amazon-science/chronos-forecasting,,,,https://github.com/panzijie825/s2ip-llm,https://github.com/Kowsher/LLMMixer,https://github.com/SalesforceAIResearch/uni2tshttps://github.com/moment-timeseries-foundation-model/moment,https://github.com/liuxu77/UniTime,,https://github.com/DAMO-DI-ML/NeurIPS2023-One-Fits-All,https://github.com/PatchTST/PatchTSThttps://github.com/MAZiqing/FEDformer,https://github.com/thuml/TimesNet,,https://github.com/thuml/Large-Time-Series-Model?tab=readme-ov-file#code-for-fine-tuning,https://github.com/google-research/timesfm,,https://github.com/ibm-granite/granite-tsfm/tree/ttm,https://github.com/mims-harvard/UniTS,https://github.com/KimMeen/Time-LLM,,
publication,NeurIPS,AAAI,TMLR,AAAI,ICML,ICLR,NeurIPS,arXiv,ICML,ICML,ICLR,ICML,ICML,ICLR,ICLR,ICML,ICML,ICLR,arXiv,arXiv,WWW,ICLR,ICML
bib,https://dblp.uni-trier.de/rec/conf/nips/LiuQ00L24.html?view=bibtex,https://dblp.uni-trier.de/rec/conf/aaai/LiuG0LBR0X25.html?view=bibtex,https://dblp.uni-trier.de/rec/journals/corr/abs-2403-07815.html?view=bibtex,https://dblp.org/rec/conf/iclr/WuHLZ0L23.html?view=bibtex,,https://dblp.org/rec/journals/corr/abs-2405-14616.html?view=bibtex,https://dblp.org/rec/conf/iclr/NieNSK23.html?view=bibtex,,https://dblp.uni-trier.de/rec/conf/icml/GoswamiSCCLD24.html?view=bibtex,https://dblp.uni-trier.de/rec/conf/iclr/0005WMCZSCLLPW24.html?view=bibtex,https://dblp.org/rec/conf/icml/ZhouMWW0022.html?view=bibtex,https://dblp.uni-trier.de/rec/conf/nips/ZhouNW0023.html?view=bibtexhttps://dblp.uni-trier.de/rec/conf/icml/PanJGSNS24.html?view=bibtex,https://dblp.org/rec/journals/corr/abs-2307-03756.html?view=bibtex,https://dblp.org/rec/journals/corr/abs-2310-06625.html?view=bibtex,,https://dblp.uni-trier.de/rec/conf/icml/LiuZLH0L24.html?view=bibtexhttps://dblp.uni-trier.de/rec/journals/corr/abs-2401-03955.html?view=bibtex,https://dblp.uni-trier.de/rec/conf/icml/DasKSZ24.html?view=bibtex,,https://dblp.uni-trier.de/rec/journals/corr/abs-2405-17478.html?view=bibtex,https://dblp.uni-trier.de/rec/conf/icml/WooLKXSS24.html?view=bibtex,https://dblp.org/rec/conf/aaai/ZengCZ023.html?view=bibtex,,
year,2024,2025,2025,2023,2022,2024,2023,2024,2024,2024,2023,2025,2024,2024,2024,2024,2024,2023,2024,2024,2024,2024,2025
parameters,124588129,134434400,205292928,64704,16827399,12928,65380704,131364193,91357735,347531879,3751520,7400000,133879472,177860336,1648601,67397735,203568967,605479,805287,3459007,108541488,841568,7932464
Economic/Exchange-96-mae,0.643,0.266,0.241,0.226,0.304,0.225,0.317,0.233,0.212,0.295,0.219,0.347,0.241,0.247,0.21,0.203,0.199,0.268,0.242,0.219,0.24,0.255,0.348
Economic/Exchange-96-mse,0.703,0.136,0.122,0.096,0.167,0.099,0.184,0.104,0.096,0.163,0.095,0.222,0.11,0.116,0.091,0.084,0.081,0.14,0.118,0.097,0.113,0.126,0.201
Economic/Exchange-192-mae,0.701,0.349,0.354,0.348,0.581,0.342,0.385,0.33,0.314,0.372,0.311,0.488,0.334,0.305,0.302,0.306,0.291,0.364,0.339,0.315,0.455,0.345,0.473
Economic/Exchange-192-mse,0.823,0.232,0.257,0.216,0.553,0.221,0.269,0.208,0.2,0.255,0.187,0.419,0.21,0.182,0.179,0.182,0.168,0.248,0.23,0.192,0.363,0.228,0.366
Economic/Exchange-336-mae,0.79,0.453,0.485,0.431,0.666,0.452,0.593,0.429,0.439,0.473,0.409,0.606,0.439,0.453,0.405,0.411,0.389,0.461,0.488,0.442,0.446,0.449,0.358
Economic/Exchange-336-mse,1.018,0.382,0.451,0.337,0.721,0.376,0.597,0.345,0.381,0.413,0.318,0.623,0.358,0.382,0.315,0.316,0.288,0.391,0.458,0.369,0.379,0.375,0.219
Economic/Exchange-720-mae,0.988,0.737,0.788,0.679,0.825,0.722,0.787,0.807,0.778,0.803,0.728,0.83,0.743,0.742,0.708,0.699,0.607,0.752,0.808,0.748,0.761,0.737,0.782
Economic/Exchange-720-mse,1.692,0.935,1.105,0.796,1.133,0.899,1.075,1.119,1.133,1.107,0.917,1.222,0.951,0.95,0.887,0.855,0.646,0.973,1.203,0.966,0.978,0.936,0.85
Electricity/Electricity-96-mae,0.639,0.417,0.387,0.241,0.374,0.59,0.445,0.463,0.399,0.422,0.267,0.398,-,-,0.276,0.411,0.398,0.326,0.392,0.394,0.282,0.331,0.265
Electricity/Electricity-96-mse,0.94,0.413,0.388,0.142,0.272,0.755,0.438,0.46,0.394,0.408,0.158,0.378,-,-,0.169,0.399,0.387,0.247,0.363,0.382,0.174,0.231,0.169
Electricity/Electricity-192-mae,0.629,0.44,0.416,0.254,0.388,0.563,0.458,0.474,0.422,0.436,0.267,0.418,-,-,0.284,0.455,0.427,0.333,0.407,0.422,0.296,0.355,0.296
Electricity/Electricity-192-mse,0.885,0.426,0.44,0.155,0.289,0.669,0.46,0.481,0.43,0.428,0.163,0.415,-,-,0.182,0.459,0.436,0.25,0.388,0.431,0.189,0.262,0.189
Electricity/Electricity-336-mae,0.622,0.454,0.434,0.271,0.405,0.614,0.467,0.522,0.437,0.465,0.283,0.424,-,-,0.317,0.5,0.452,0.346,0.424,0.444,0.308,0.285,0.308
Electricity/Electricity-336-mse,0.833,0.443,0.477,0.171,0.31,0.783,0.462,0.555,0.45,0.464,0.18,0.414,-,-,0.216,0.538,0.477,0.26,0.405,0.476,0.426,0.184,0.426
Electricity/Electricity-720-mae,0.627,0.494,0.447,0.304,0.425,0.678,0.511,0.554,0.458,0.514,0.31,0.442,-,-,0.331,0.696,0.47,0.371,0.453,0.47,0.338,0.323,0.331
Electricity/Electricity-720-mse,0.786,0.495,0.475,0.205,0.339,0.916,0.509,0.598,0.457,0.536,0.216,0.412,-,-,0.241,0.929,0.482,0.294,0.428,0.493,0.437,0.23,0.428
Electricity/ETTh1-96-mae,0.433,0.357,0.328,0.41,0.475,0.434,0.383,0.374,0.329,0.356,0.409,0.355,0.553,0.494,0.458,0.337,0.343,0.615,0.331,0.347,0.575,0.481,0.383
Electricity/ETTh1-96-mse,0.432,0.297,0.292,0.391,0.476,0.429,0.331,0.315,0.285,0.299,0.404,0.298,0.665,0.539,0.449,0.29,0.295,0.84,0.273,0.308,0.716,0.515,0.346
Electricity/ETTh1-192-mae,0.46,0.395,0.371,0.435,0.505,0.446,0.406,0.412,0.374,0.387,0.44,0.388,0.562,0.565,0.599,0.409,0.395,0.608,0.371,0.397,0.614,0.504,0.406
Electricity/ETTh1-192-mse,0.482,0.36,0.362,0.427,0.533,0.418,0.368,0.382,0.352,0.347,0.431,0.342,0.676,0.702,0.743,0.393,0.38,0.817,0.336,0.385,0.801,0.534,0.378
Electricity/ETTh1-336-mae,0.474,0.418,0.404,0.449,0.535,0.462,0.421,0.434,0.403,0.406,0.451,0.4,0.582,0.595,0.601,0.449,0.437,0.644,0.397,0.43,0.627,0.569,0.426
Electricity/ETTh1-336-mse,0.487,0.387,0.4,0.452,0.606,0.44,0.378,0.396,0.384,0.365,0.44,0.356,0.672,0.716,0.73,0.439,0.43,0.879,0.364,0.424,0.82,0.67,0.397
Electricity/ETTh1-720-mae,0.47,0.449,0.42,0.545,0.559,0.515,0.458,0.457,0.432,0.442,0.54,0.432,0.616,0.612,0.546,0.486,0.463,0.673,0.427,0.444,0.654,0.529,0.454
Electricity/ETTh1-720-mse,0.467,0.416,0.412,0.565,0.613,0.528,0.427,0.431,0.418,0.402,0.572,0.395,0.717,0.739,0.585,0.488,0.457,0.882,0.385,0.431,0.86,0.571,0.423
Electricity/ETTh2-96-mae,0.526,0.366,0.34,0.426,0.443,0.437,0.381,0.354,0.404,0.358,0.394,0.352,0.415,0.381,0.364,0.373,0.364,0.405,0.347,0.387,0.39,0.377,0.338
Electricity/ETTh2-96-mse,0.619,0.317,0.339,0.377,0.4,0.437,0.346,0.303,0.464,0.311,0.345,0.304,0.366,0.342,0.3,0.341,0.333,0.38,0.303,0.358,0.358,0.334,0.275
Electricity/ETTh2-192-mae,0.535,0.38,0.372,0.469,0.499,0.474,0.4,0.374,0.422,0.374,0.415,0.398,0.424,0.442,0.394,0.414,0.413,0.452,0.37,0.401,0.446,0.426,0.376
Electricity/ETTh2-192-mse,0.634,0.346,0.392,0.448,0.494,0.511,0.375,0.341,0.488,0.341,0.377,0.376,0.381,0.402,0.348,0.411,0.412,0.461,0.344,0.393,0.419,0.393,0.326
Electricity/ETTh2-336-mae,0.544,0.405,0.398,0.513,0.452,0.463,0.406,0.407,0.442,0.389,0.425,0.411,0.435,0.431,0.426,0.562,0.726,0.466,0.384,0.423,0.455,0.454,0.394
Electricity/ETTh2-336-mse,0.652,0.385,0.44,0.518,0.407,0.482,0.394,0.389,0.52,0.367,0.384,0.399,0.392,0.388,0.378,0.801,1.261,0.448,0.369,0.428,0.43,0.428,0.352
Electricity/ETTh2-720-mae,0.561,0.433,0.442,0.58,0.584,0.519,0.434,0.433,0.482,0.416,0.461,0.434,0.472,0.477,0.464,0.564,0.735,0.49,0.413,0.47,0.486,0.481,0.437
Electricity/ETTh2-720-mse,0.684,0.439,0.53,0.655,0.607,0.591,0.44,0.445,0.598,0.415,0.437,0.444,0.444,0.451,0.433,0.773,1.294,0.508,0.421,0.516,0.476,0.488,0.397
Electricity/ETTm1-96-mae,0.324,0.271,0.248,0.379,0.493,0.269,0.28,0.266,0.283,0.263,0.356,0.255,0.361,0.362,0.362,0.26,0.264,0.421,0.253,0.278,0.384,0.371,0.361
Electricity/ETTm1-96-mse,0.25,0.181,0.181,0.341,0.521,0.177,0.19,0.174,0.224,0.175,0.314,0.17,0.361,0.314,0.311,0.178,0.177,0.408,0.168,0.191,0.356,0.328,0.32
Electricity/ETTm1-192-mae,0.349,0.31,0.296,0.394,0.549,0.303,0.312,0.306,0.335,0.297,0.375,0.302,0.412,0.383,0.391,0.317,0.313,0.433,0.294,0.32,0.406,0.398,0.378
Electricity/ETTm1-192-mse,0.298,0.236,0.253,0.366,0.667,0.23,0.241,0.232,0.308,0.226,0.348,0.236,0.39,0.352,0.358,0.257,0.253,0.436,0.226,0.258,0.393,0.369,0.351
Electricity/ETTm1-336-mae,0.377,0.348,0.337,0.404,0.576,0.336,0.366,0.339,0.374,0.332,0.407,0.334,0.419,0.4,0.402,0.371,0.409,0.48,0.33,0.365,0.421,0.447,0.394
Electricity/ETTm1-336-mse,0.348,0.295,0.318,0.385,0.731,0.282,0.322,0.284,0.369,0.278,0.397,0.285,0.419,0.389,0.384,0.334,0.378,0.521,0.279,0.325,0.42,0.449,0.381
Electricity/ETTm1-720-mae,0.425,0.397,0.396,0.431,0.595,0.39,0.41,0.395,0.43,0.387,0.425,0.386,0.462,0.429,0.438,0.439,0.459,0.504,0.386,0.415,0.446,0.48,0.426
Electricity/ETTm1-720-mse,0.44,0.372,0.417,0.433,0.746,0.371,0.395,0.375,0.46,0.362,0.436,0.369,0.462,0.438,0.451,0.445,0.483,0.567,0.372,0.426,0.468,0.513,0.437
Electricity/ETTm2-96-mae,0.735,0.248,0.22,0.282,0.334,0.423,0.279,0.252,0.258,0.276,0.281,0.249,0.3,0.272,0.274,0.28,0.268,0.281,0.251,0.288,0.275,0.288,0.272
Electricity/ETTm2-96-mse,0.796,0.15,0.133,0.186,0.249,0.323,0.189,0.15,0.17,0.192,0.195,0.163,0.215,0.183,0.182,0.192,0.186,0.198,0.151,0.2,0.188,0.197,0.184
Electricity/ETTm2-192-mae,0.749,0.264,0.238,0.355,0.371,0.477,0.311,0.27,0.273,0.306,0.313,0.285,0.336,0.305,0.319,0.317,0.286,0.353,0.269,0.329,0.308,0.325,0.311
Electricity/ETTm2-192-mse,0.828,0.168,0.152,0.285,0.31,0.388,0.237,0.168,0.186,0.238,0.245,0.217,0.276,0.235,0.246,0.249,0.204,0.304,0.17,0.269,0.242,0.254,0.241
Electricity/ETTm2-336-mae,0.759,0.283,0.256,0.384,0.514,0.599,0.342,0.296,0.29,0.336,0.342,0.322,0.371,0.335,0.343,0.34,0.324,0.36,0.286,0.371,0.339,0.358,0.335
Electricity/ETTm2-336-mse,0.855,0.188,0.171,0.343,0.481,0.575,0.29,0.192,0.205,0.285,0.293,0.357,0.32,0.284,0.29,0.265,0.253,0.325,0.187,0.326,0.291,0.306,0.284
Electricity/ETTm2-720-mae,0.774,0.319,0.396,0.398,0.594,0.654,0.394,0.322,0.484,0.388,0.396,0.377,0.417,0.393,0.393,0.424,0.362,0.443,0.319,0.423,0.39,0.408,0.396
Electricity/ETTm2-720-mse,0.897,0.233,0.417,0.372,0.631,0.682,0.374,0.229,0.571,0.367,0.385,0.357,0.401,0.376,0.375,0.378,0.297,0.465,0.228,0.412,0.373,0.392,0.38
Energy/Solar-96-mae,0.631,0.268,0.336,0.288,0.693,0.426,0.305,0.286,0.493,0.457,0.321,0.232,0.287,-,0.264,0.284,0.267,0.347,0.274,0.276,0.281,0.289,0.226
Energy/Solar-96-mse,0.809,0.211,0.43,0.217,0.796,0.338,0.226,0.211,0.877,0.521,0.254,0.192,0.229,-,0.208,0.239,0.229,0.342,0.218,0.204,0.216,0.228,0.185
Energy/Solar-192-mae,0.651,0.291,0.325,0.307,0.578,0.488,0.335,0.286,0.511,0.464,0.329,0.204,0.325,-,0.279,0.956,0.31,0.359,0.282,0.292,0.27,0.334,0.238
Energy/Solar-192-mse,0.852,0.242,0.396,0.244,0.639,0.426,0.253,0.222,0.928,0.538,0.269,0.204,0.305,-,0.223,1.619,0.287,0.369,0.243,0.235,0.209,0.26,0.198
Energy/Solar-336-mae,0.644,0.31,0.336,0.321,0.638,0.537,0.343,0.323,0.531,0.466,0.333,0.258,0.356,-,0.297,0.64,0.917,0.38,0.287,0.301,0.284,0.319,0.25
Energy/Solar-336-mse,0.847,0.266,0.409,0.263,0.739,0.499,0.262,0.256,0.956,0.544,0.277,0.204,0.361,-,0.24,0.936,1.484,0.414,0.245,0.249,0.228,0.249,0.185
Energy/Solar-720-mae,0.626,0.317,0.362,0.323,0.63,0.555,0.35,0.32,0.797,0.45,0.333,0.252,0.351,-,0.292,0.593,0.855,0.366,0.29,0.307,0.278,0.346,0.278
Energy/Solar-720-mse,0.824,0.269,0.453,0.265,0.668,0.531,0.265,0.257,2.494,0.515,0.274,0.22,0.361,-,0.228,0.913,1.301,0.385,0.245,0.239,0.22,0.269,0.22
Environment/Weather-96-mae,0.327,0.217,0.216,,0.316,0.24,0.244,0.215,0.22,0.239,0.222,0.205,0.228,0.22,0.217,0.218,0.225,0.249,0.21,0.23,0.239,0.241,0.181
Environment/Weather-96-mse,0.279,0.163,0.183,,0.245,0.184,0.187,0.162,0.206,0.182,0.172,0.159,0.171,0.17,0.161,0.179,0.182,0.2,0.159,0.194,0.184,0.19,0.155
Environment/Weather-192-mae,0.346,0.253,0.258,0.286,0.327,0.273,0.274,0.254,0.269,0.27,0.261,0.246,0.27,0.252,0.257,0.307,0.266,0.285,0.252,0.268,0.304,0.281,0.219
Environment/Weather-192-mse,0.308,0.206,0.227,0.225,0.271,0.227,0.225,0.204,0.278,0.222,0.218,0.206,0.219,0.205,0.209,0.269,0.23,0.245,0.205,0.239,0.271,0.234,0.197
Environment/Weather-336-mae,0.365,0.297,0.297,0.318,0.393,0.306,0.304,0.293,0.312,0.3,0.295,0.292,0.299,0.287,0.282,0.325,0.343,0.319,0.302,0.306,0.345,0.326,0.258
Environment/Weather-336-mse,0.339,0.26,0.286,0.266,0.352,0.272,0.268,0.256,0.335,0.264,0.265,0.263,0.261,0.253,0.247,0.305,0.319,0.301,0.268,0.293,0.328,0.294,0.249
Environment/Weather-720-mae,0.393,0.339,0.348,0.364,0.564,0.349,0.348,0.341,0.368,0.344,0.341,0.351,0.346,0.339,0.337,0.366,0.385,0.377,0.346,0.352,0.391,0.369,0.301
Environment/Weather-720-mse,0.384,0.322,0.368,0.323,0.587,0.335,0.33,0.322,0.414,0.328,0.325,0.338,0.33,0.322,0.325,0.374,0.389,0.391,0.334,0.336,0.395,0.357,0.312
Nature/ZafNoo-96-mae,0.695,0.583,0.382,0.423,0.48,0.442,0.486,0.442,0.389,0.474,0.463,0.427,0.592,0.527,0.417,0.415,0.423,0.522,0.403,0.417,0.603,0.544,0.419
Nature/ZafNoo-96-mse,0.929,0.636,0.455,0.446,0.529,0.47,0.515,0.465,0.439,0.516,0.499,0.466,0.655,0.561,0.447,0.471,0.489,0.606,0.424,0.489,0.679,0.601,0.475
Nature/ZafNoo-192-mae,0.704,0.601,0.424,0.453,0.531,0.472,0.505,0.472,0.429,0.462,0.474,0.479,0.604,0.479,0.456,0.475,0.464,0.486,0.441,0.459,0.661,0.586,0.431
Nature/ZafNoo-192-mse,0.935,0.713,0.524,0.495,0.609,0.524,0.552,0.526,0.501,0.502,0.528,0.53,0.684,0.53,0.51,0.561,0.558,0.551,0.484,0.57,0.79,0.673,0.483
Nature/ZafNoo-336-mae,0.714,0.624,0.45,0.473,0.59,0.547,0.515,0.521,0.454,0.493,0.493,0.493,0.642,0.564,0.479,0.509,0.498,0.541,0.467,0.489,0.691,0.617,0.443
Nature/ZafNoo-336-mse,0.946,0.76,0.568,0.528,0.691,0.602,0.582,0.586,0.551,0.567,0.559,0.561,0.746,0.645,0.558,0.614,0.611,0.632,0.535,0.629,0.853,0.73,0.509
Nature/ZafNoo-720-mae,0.738,0.672,0.498,0.494,0.739,0.515,0.532,0.517,0.483,0.508,0.51,0.511,0.721,0.577,0.511,0.564,0.543,0.554,0.492,0.536,0.724,0.654,0.469
Nature/ZafNoo-720-mse,0.992,0.859,0.678,0.557,0.902,0.603,0.61,0.607,0.616,0.597,0.591,0.598,0.948,0.663,0.615,0.717,0.697,0.658,0.569,0.729,0.891,0.792,0.526
Traffic/Traffic-96-mae,0.704,0.306,0.246,0.292,0.475,0.624,0.288,-,0.212,0.472,0.298,0.258,-,-,0.307,0.35,0.299,0.424,0.341,0.279,0.436,0.323,0.283
Traffic/Traffic-96-mse,1.227,0.431,0.385,0.416,0.763,0.955,0.402,-,0.358,0.795,0.409,0.392,-,-,0.423,0.52,0.464,0.769,0.487,0.398,0.436,0.437,0.432
Traffic/Traffic-192-mae,0.735,0.316,0.257,0.298,0.546,0.647,0.292,-,0.218,0.456,0.305,0.277,-,-,0.355,0.465,0.311,0.466,0.344,0.285,0.411,0.338,0.311
Traffic/Traffic-192-mse,1.29,0.45,0.411,0.429,0.884,1.017,0.413,-,0.372,0.753,0.422,0.409,-,-,0.488,0.834,0.488,0.852,0.505,0.41,0.399,0.459,0.462
Traffic/Traffic-336-mae,0.766,0.327,0.272,0.306,0.577,0.778,0.295,-,0.222,0.458,0.307,0.28,-,-,0.33,0.453,0.479,0.467,0.364,0.292,0.425,0.353,0.347
Traffic/Traffic-336-mse,1.365,0.467,0.521,0.443,0.935,1.345,0.422,-,-,0.759,0.43,0.415,-,-,0.467,0.768,0.912,0.858,0.54,0.424,0.426,0.482,0.511
Traffic/Traffic-720-mae,0.795,0.346,0.301,0.324,0.462,0.84,0.315,-,0.237,0.472,0.325,0.3,-,-,0.367,0.489,0.492,0.574,0.387,0.319,0.448,0.382,0.286
Traffic/Traffic-720-mse,1.446,0.5,0.623,0.473,0.761,1.545,0.459,-,-,0.796,0.467,0.45,-,-,0.522,0.917,0.93,1.005,0.592,0.471,0.473,0.537,0.496
