,Dataset,Triformer,TimesNet,PatchTST,Non-stationary Transformers,NLinear,Linear,Informer,FiLM,FEDformer,DLinear,Xgboost,TiDE,TCN,AutoTheta,AutoETS,AutoCES,RNN1,Random Forest,N-HiTS,N-BEATS,Naive Seasonal,Naive Moving Average,Naive Mean,Naive Drift,Linear Regression,Kalman Filter,RNN,Arima,Crossformer,LightGBM
0,Seasonality_False,2.0095056631402904e+16,956247402.6491854,917189018.4617372,5096461.318011941,2406193875398559.5,3221834224.136924,956131873.881814,953889238.9573214,957067618.1585758,1346475980093566.5,1.5094467246710176e+16,1876721835029880.0,2354780830405185.0,2209531853561480.5,2168083383613294.8,2447598656084981.0,2.214347326562013e+16,1652033254547419.0,1137731840219878.8,1449153403005414.5,2226128364089552.8,2226128364089552.8,1.5113107757238252e+16,2196738689374830.5,2078248446853177.2,2222739109538957.5,2.0095056631479964e+16,2158763158450694.8,3008852141.1452103,62112.77830357115
1,Seasonality_True,7677.166405776875,1787.429435604665,1699.334081566637,2393.273476413662,2575.915680290428,6506.690776323782,1846.8365104766483,1724.1000243109308,1854.6920013752276,2071.453457627188,1566.4670596452083,3854.9440699739566,7931.467998149248,3378.4718689427245,3675.395081547536,2554.8948386334487,13856.76841963901,1596.2034077696148,1666.256178659948,1779.882666839804,3567.4180270978563,3567.4180270978563,4171.512831762563,3683.032392295208,3436239665328.186,3813.741519303519,12310.640240392491,1947.6187684904603,12314.650361426928,2433.769377753778
2,freq_Daily,6.704220039113248e+16,3191730274.975036,3061361387.090324,16823703.976048667,8027672423850957.0,10752866714.122225,3191353366.5721164,3183831717.020435,3194439536.5166726,4492185025196708.0,5.035896720918308e+16,6261219544893437.0,7856145477912978.0,7371558090810006.0,7233275493265768.0,7811485072434941.0,6.704220039138904e+16,5511601511609188.0,3795761684939701.0,4834742922637552.0,7426928255101570.0,7426928255101570.0,5.042115667493093e+16,7328876853686693.0,6904731980356118.0,7415620842989630.0,6.704220039138904e+16,7202180860692323.0,10041925573.047668,
3,freq_Hourly,699.8443850695617,163.18061828273272,262.9731929423775,399.12953094374535,278.3962559155202,634.0309231503647,298.8384295093894,373.13204744616365,272.40960748540226,276.9557666975895,262.3016578697085,268.0337554683801,1078.434276102244,730.2413649371636,730.9877723576799,,4297.452155543139,224.4713750425666,224.88621108480424,214.3876571690823,728.59532282814,728.59532282814,716.2210408933394,731.200418258296,166.43381835247115,792.8669112166251,4287.4900006155885,542.3313281261119,4294.432139811702,
4,freq_Monthly,897048.1499026604,39136.49196034244,33221.66050208411,48875.04917096262,46247.04264657428,852764.0791544578,28518.975031855563,59089.828027647774,56890.94000676987,10439.254179441405,5806.714801654089,340544.9885696345,1164691.4684176084,121535.9822558304,146460.12483197235,143656.01559985042,898683.3872072996,5076.782032663984,276271.6722506295,640522.9700676956,7440.910932060979,7440.910932060979,244512.38526878945,122472.64659964688,66847787156.490814,170146.3545589311,898679.8528852056,119650.09120721958,898684.739133065,75699.5872982326
5,freq_Other,11580.098595444646,3596.0711629298385,4242.575351071503,4133.364386471934,4390.749513577817,12159.99312309174,3978.8519326936944,4543.192709888841,4737.765184835154,4737.84277333115,4898.080957765547,3048.149635946076,12162.080080868269,4350.499141780172,4054.303784307095,3380.240287610652,36183.61169584231,4700.633743639706,2717.032400768816,2799.9913075775416,4514.84822761378,4514.84822761378,8496.63779045594,4220.897189239359,3882.944399992689,3873.9873698871097,36009.664243261665,4153.66187703477,36001.343434315466,
6,freq_Quarterly,7922.443325235748,918.5013671936484,932.3572559704372,1420.7265955708767,1940.9192584687491,8500.085248163206,1086.5702451657182,1036.5178490792262,1393.7099476984604,1516.0205254640816,1110.5426175494144,1185.5950107070596,8611.083029099538,1449.5862104169012,1496.138789182539,1514.6433307076147,8020.716852135131,1103.2477029198435,1028.1142242538372,1033.1553048600497,1654.046580413055,1654.046580413055,3162.130635462674,1664.1973780724352,1027.2401454141732,1581.3979601046665,8009.12757037571,911.6108817355996,8008.868344843043,1851.78950826193
7,freq_Weekly,1310.5976991445448,114.9839749113286,132.98241831420572,113.68425636645136,141.90106292821085,464.2841227175392,125.60079288365192,138.36311134398548,136.98200982661623,177.713094967834,153.03932465404793,137.6397231811245,626.8175862858196,137.65685501528483,135.50073558403736,148.10922512626567,2317.4379231488883,144.08515659099285,118.450968135832,125.56852748801036,142.61056305649305,142.61056305649305,1134.102406318357,143.63888131725565,234.5618013556504,143.1688171380748,2314.882631442692,131.42255527720474,2318.710611791216,182.30095240300588
8,freq_Yearly,97045.81513306574,17146.25960455899,22033.603324405987,28125.04341665708,19765.430966071686,101636.41346949124,20173.26652549919,21373.942898865356,24790.77596589976,24021.591958172743,18853.96671536576,33499.098117722206,112789.60737590885,15962.977867043734,16915.504185816517,16009.60189973158,230412.5474534529,19432.09721322583,12092.404431675746,10880.913092879577,20655.07802327134,20655.07802327134,57764.806611305896,17301.18334577367,35589771573216.97,35816.7128784202,97049.77287710806,16527.02829791231,97050.6506348989,53151.68368456095
9,Trend_False,3160049.4394926606,844943.6949745575,901916.4249966613,1523414.9204556402,1111438.776146471,3451232.4027165184,841101.6600270782,969621.744259799,945051.143067606,1273537.381740592,710066.0495174847,928481.6301750956,1242394.2139623526,572564.9556657958,793935.9356676554,647225.7879826663,3443051.522718767,1311700.631785398,705920.9786696256,651270.5412330643,584391.0860104439,584391.0860104439,2210003.3345069494,582909.7479102351,11203445173051.404,719536.3795155234,3217339.1678199507,1023740.0531061172,3217341.026076309,1260.063266187944
10,Trend_True,2.336009048369698e+16,1110899911.6948962,1065442822.5803542,4468054.6326701045,2797150944558062.0,3742356492.863077,1110769087.853764,1108046927.5797613,1111763924.6491196,1565250662737445.5,1.7547008061930732e+16,2181650575653509.5,2737384335907129.0,2568535385022885.0,2520352390057945.0,2869002709516943.5,2.837724625505301e+16,1920454716664219.2,1322589889233357.8,1684611057948959.8,2587828487530537.0,2587828487530537.0,1.7568677271115414e+16,2553663594478977.0,2408416270660422.0,2583888548626106.0,2.3360090483738724e+16,2511286746615614.0,3494974549.428278,63790.8398353565
11,Stationarity_False,2.0329102039658548e+16,967387344.7588122,927873888.6167305,5067111.796025488,2434218609951288.5,3259368177.1474404,967270499.92334,965001636.9574988,968217158.9738128,1362158270830690.8,1.5270271217503772e+16,1898579853951844.0,2382206761615833.0,2235266082342904.0,2193334865605520.0,2451816835587829.0,2.4218750093098524e+16,1671274344762042.0,1150982905788600.0,1466031568917328.0,2252055891011684.0,2252055891011684.0,1.5289128832466656e+16,2222323917265760.0,2104642178046240.0,2248627162102988.8,2.032910203973742e+16,2185245634326573.5,3043906417.4656634,56757.31478229231
12,Stationarity_True,3874.037818020607,1240.272890413804,1260.620131728036,1620.5725383600866,1443.7588118772906,3528.6863552062623,1252.7345528036112,1290.8712836755135,1238.8472140383567,1337.9083519273256,1184.5831309421678,1421.2480326817692,4045.882660231605,2249.3825749378066,2325.7717929696864,1166.6476193875326,6825.327873863009,1172.0227889735038,1354.571758804275,1222.197792914273,2279.4728198054067,2279.4728198054067,1972.8661309170695,2380.8649129296828,15296.682416164436,2279.8841865793856,7052.210166493802,1301.0396443481077,7051.9138117085,1461.080729055045
13,Transition_False,4759051.978210884,1149761.2819558445,1224804.0574624452,2060379.3762454365,1508493.7732601431,5122940.279242466,1140134.26112996,1329146.4748937895,1297296.5784022247,1705340.620099267,952947.110391322,1442938.2148825068,2378112.276806196,833722.5463967287,1142200.8630290856,850511.7843885336,6142798.138297938,1750986.3362561965,1101100.413271058,1240306.8468024314,785359.6141792138,785359.6141792138,3101924.662364129,848259.3546550403,18633413033401.395,1066722.1275684964,4833965.370224951,1433888.0215186763,4833970.759059321,86014.03443582737
14,Transition_True,1.914385710379781e+16,910340502.2883998,873089785.5583066,3642689.741819351,2292296685159788.5,3066472619.1861444,910235798.0832686,907994828.2003584,911040406.5595309,1282740537339553.2,1.4379970624539398e+16,1787887204368342.2,2243317276223436.5,2104943660688819.2,2065457153935268.0,2550724730703733.0,2.068412169825681e+16,1573834257887656.5,1083877301861178.6,1380557724595809.2,2120754575401912.5,2120754575401912.5,1.4397728785298146e+16,2092756060933404.8,1971641772289400.8,2117525751063446.5,1.914385710383255e+16,2057765959449123.2,2863737134.985505,2170.9125941404127
15,Shifting_False,378082.4589653447,16566.24745751885,14200.016691932457,21336.228593233496,19400.71471688426,360541.4497959352,12218.930218934756,25267.29178492604,24300.3892347534,4578.49335408785,2708.415971731557,145297.76692201718,491418.8769478195,51287.46723661627,61510.86417325732,67409.5251523949,416213.8199414394,2378.6196658664794,116514.7805982973,270056.61798132386,3018.1631327721884,3018.1631327721884,102713.9060081868,51530.25340649468,8562652.778700478,72498.67799262318,380367.75865180313,50500.08328111022,380371.0739438934,52738.22076857645
16,Shifting_True,2.428377480610237e+16,1155606550.2837813,1108406872.5448437,6113355.973609446,2907753448139937.0,3893229487.484327,1155471194.075317,1152748234.9714098,1156590330.5942993,1627142440183438.8,1.8240836548317504e+16,2267915500285080.0,2845623600051103.0,2670098171049495.5,2620009966325775.5,3002990435505613.0,2.8904888257107064e+16,1996391662987500.8,1374886585421306.5,1751222479183054.2,2690154144644031.0,2690154144644031.0,1.826336258376639e+16,2654638333146619.5,2514063652771457.0,2686058416170728.0,2.4283774806196864e+16,2610658621713486.5,3635826667.455895,26613.783020504063
0,Seasonality_False,94.62491549067153,38.965632608174765,42.29451967032748,42.08917054171077,45.97115253050621,89.44669579247457,41.40748926831255,45.008672104538846,45.74102062787883,47.33492436585107,42.17073313519918,57.716238875618,101.96883983059458,49.089947095910034,43.42949400948763,37.40722348899615,91.9673176148346,43.818940531751046,43.23830384261768,39.394726811448685,43.027020119261856,43.027020119261856,503.7299925554224,65.9117283231332,438195385853.6717,50.224441874790266,90.88595486071452,99.87052862680078,93.01081695146968,33.75582622073856
1,Seasonality_True,225.304979172628,182.73009191214123,166.0409840673464,179.4508698247873,184.4391670984269,160.1567348020586,184.69435330425335,195.09992396362085,183.01536355340065,171.0437257300708,169.97320269049615,176.6346525901038,170.4521542933133,188.83897009641151,194.1407589886512,187.67389403947723,94.43661909470228,180.53464220928092,170.85670234220353,166.27905422581082,178.58810765438585,178.58810765438585,225.90998587280876,178.32784356743176,36610233064.39025,174.44614492360105,91.83677761225488,175.3342173327454,94.64507339522122,16.993489380022076
2,freq_Daily,56.94478799310187,29.31254890586618,32.88950163667146,31.00934867834306,34.53922213101766,49.33680050453347,32.362636465808905,34.51387992499849,36.63384131910891,36.781495163185504,30.598812566472198,34.88178552020329,61.86321185378841,45.16288010696562,30.366228553212675,27.91069019495,75.23496006384092,28.32121582064562,34.92773216534192,31.07486254109181,30.69004573023396,30.69004573023396,1535.2398308123538,104.0069429293326,158.83306998352302,30.030269584296608,72.90909081516905,212.33087746203103,76.30205241575376,
3,freq_Hourly,91.3134484535364,61.98888805685287,63.90341688497687,73.63213102257578,84.50149793243952,79.07963230036505,81.88389372140418,72.13003717596855,66.03745276222095,71.23051235724252,45.13565408593291,64.6330730433054,73.46327470353297,94.61177120132986,104.59444548076463,,99.51976316146047,45.40555890647531,58.33271331367256,53.47692552139608,94.60731812367284,94.60731812367284,136.76954640299772,94.97606529388698,76.09566993313616,81.65169073151772,81.78291498042753,105.20376494749236,98.09717152987018,
4,freq_Monthly,67.01527455556347,18.892964976911443,19.134150913353796,23.57683020519944,28.50478169247152,56.64846371005983,21.83900314672405,18.836046065471347,20.22036063409423,22.254190970483005,20.645247691499343,27.458694488731695,86.5223053077894,25.40194033446484,30.850548632702356,23.025360306628272,97.35349902640384,19.565727800361948,22.378494221952757,19.456728716625825,28.46188758236641,28.46188758236641,32.42707940863188,29.85971394172549,44564366791.189926,23.073554248286943,97.40700616967072,22.261275405834976,97.74010816227472,21.571870505077584
5,freq_Other,1349.046845121817,1385.6583430153676,1270.2231595230112,1297.8599061367067,1330.4502998452322,827.941931576728,1353.765900148998,1482.268650009178,1391.790397998589,1296.3499202651617,1317.642639297257,1307.2440367740485,835.5014129420251,1386.5544105623353,1362.9233457618277,1289.34664335283,88.11794143183204,1433.9225116640926,1295.4989760584951,1262.211589638371,1275.2500695859735,1275.2500695859735,1483.5433923842425,1266.276635437728,1390.8943092397749,1149.0798703027313,81.4758262389683,1284.72003476675,84.078291312771,
6,freq_Quarterly,97.16664317352448,18.23044733463168,19.07517611604994,22.544209213091698,26.60988574183078,109.79388586892512,19.293832398700832,21.341172404641977,22.868796861023167,24.28998990990684,21.88566140588497,25.492787864471605,108.8180008195198,21.70187048487487,23.236905956521177,22.27953153108853,99.72662062300192,21.180423407847982,21.68326027684475,19.91851033417186,21.82493227614257,21.82493227614257,37.90089995777976,22.448442409401704,22.304408178828567,23.037253913749968,99.57422666695236,19.858816614540544,99.54974791842152,27.947897620051524
7,freq_Weekly,64.17269848244577,10.520572736489427,11.76885085726282,12.715847338111354,13.835921489869817,33.796160302846275,10.831140666978236,12.851115507448617,12.512329345901769,14.077252237338424,12.895410341852257,14.663670779388504,42.55486795037517,12.485244616908556,14.02943241286739,12.710903685891497,93.31832952250302,12.638747075024131,11.390011002176491,11.327348037591532,12.542563417811593,12.542563417811593,56.8772264398793,13.420782703017569,1502.3799647126236,12.151606058669634,93.45132544716728,12.673891587149464,94.0435977138184,13.856944003904182
8,freq_Yearly,99.8148638782871,22.437457770482,24.125436033598756,21.15623269596316,26.170729004899247,109.84751975638255,25.46082188482167,27.15719095211109,26.940792239519205,26.34716063787643,25.273755935113115,64.02047724470506,122.97039590337948,24.193025679142927,24.19317735862149,25.735966440604734,99.94383902610925,25.050577316368383,24.48663738161772,23.157942985580807,23.942089543582785,23.942089543582785,38.53179652765056,25.82036894113541,1368960866563.8853,81.89716813062219,99.28367259231912,25.862323142897303,99.40259443352804,35.744792788109855
9,Trend_False,230.277212839357,188.38163715742476,175.77689687493606,199.5486229314455,195.28992182145225,163.16678033145476,190.4977545528697,202.42164971814395,191.3863677442565,182.33679780293,181.65389375321297,192.2569435382828,174.8808678123065,196.78167044032463,199.46765183573345,187.74623905275027,89.97444388178154,194.81954873998285,180.3865767245484,173.04791209643466,185.6447956022446,185.6447956022446,229.0787199613618,186.4592257852477,581522846026.8873,172.47900801831943,83.6668613082304,187.91457170218857,87.46879466081114,36.296428617002825
10,Trend_True,77.49148996410166,19.967226362713607,22.049327943771345,14.852116836511891,23.357553913411028,79.91834562562497,22.335863438212503,24.038434724514413,25.22358836687114,25.85448847001345,19.968366753516985,33.26006264863214,91.5337890307536,28.67030371708287,23.995302080993262,20.747276037566557,95.47295260853566,18.638604430038363,22.772563096906023,21.20843720241794,23.73692143159892,23.73692143159892,529.1797037310039,48.09422547919004,43361595613.00326,39.28469212189758,97.31637554530153,82.15414129110616,98.58000976713156,21.43854392414098
11,Stationarity_False,95.75060822913352,32.70752731030709,35.80927167234298,46.62847746094972,48.8230062225302,92.97332245459349,34.81728465646582,43.38512815422558,41.23647373023178,41.92047011402226,26.66251656888897,43.97363706556092,94.96329817229542,43.65513754924154,45.710007342765785,32.10778483834184,93.1497581926633,28.875261389338142,31.704986281159396,30.22149710770059,41.07397521144422,41.07397521144422,66.69945971865624,41.91550662104305,448480937780.9108,49.65356019649684,93.77702838535964,36.72196537930398,94.5082020098908,23.96987173262907
12,Stationarity_True,229.6169549697983,200.21187007135023,182.95513029486852,182.0081310213414,186.18852245977305,157.53285167282613,202.71766404758372,205.00831543838575,197.20843593575557,186.1385881965354,202.4174061496644,205.6549945001131,185.62034053692773,204.7325200097384,197.4443272106517,208.97338876584064,92.43164976025652,212.44400677011944,196.5368022095265,187.9132198742329,188.36490662636453,188.36490662636453,955.4084878146632,224.4644536333024,537.2684596570763,181.33379537811143,86.96869578973103,286.1009674944225,92.1786555549164,33.75728310741809
13,Transition_False,82.68541286659176,10.392783130197769,11.700908276719083,12.104925345136104,13.448183927051058,80.9448172801807,12.005101954647444,12.916841045943436,13.889216742600894,14.148912589381291,12.131510838060352,25.724646799446383,93.13101071014908,12.209581998201324,12.643499999041726,12.539021602052063,95.87672333174002,11.987417563739296,12.88186374950172,12.46431953520336,13.142426146800336,13.142426146800336,42.36925995506797,13.057968668760388,833871994677.7195,35.850423316900866,96.68407581241388,12.415316161403092,97.58582980448996,23.6192196016162
14,Transition_True,177.41504527329454,137.96823199258506,130.58370599411728,139.42553763566892,143.86835583786538,135.298152065831,140.55455382079995,149.52618104301223,142.61366440243415,136.91144313092477,132.53829958485696,143.87048222431577,146.67652984440193,149.96950256347728,147.62133087582893,138.5548203552554,91.59940288107106,140.33398045575126,133.6602598564436,127.63205019279012,137.86787565746803,137.86787565746803,576.9033265673473,158.9307717990674,144604.40033058714,130.4713780387835,88.4755941544997,188.9292601824945,91.62734329518274,29.36257019471954
15,Shifting_False,197.8544790214493,150.05190595481253,140.30604210571022,158.62515852327897,151.6658717341864,134.30144545434874,156.53767622305466,164.81391844780984,155.37608966737136,146.6684759439038,147.78305164752337,157.39086544272746,159.35709891172502,155.65049376070354,156.91734858872044,145.54388790642886,92.63375235346768,156.68132740560813,145.77348590833887,140.9361317235355,148.83971101772843,148.83971101772843,197.35819176778372,150.15512236210057,189760.9150133728,137.7774093900188,90.13452517603471,145.0814114218854,93.9730170894671,31.214113494324224
16,Shifting_True,94.99532256049588,41.75060299766094,42.39691168934317,35.43980334635784,49.898159668965526,100.19733072888748,39.951502169035166,44.24323356216519,44.9829450808204,46.14125810257324,38.06948065528195,52.55424893507832,99.00844665314251,53.16064242596339,49.19190422811136,42.67707129263297,93.11056191809548,39.5424546245572,41.94712114273312,38.49826500435913,44.63127280008116,44.63127280008116,586.2617112557767,70.6007242898232,553025299179.4333,60.71445857283916,92.32908912657705,113.8424276561124,93.3307139592422,23.76037969743871
0,Seasonality_False,16.49583805342751,1.4779827475979186,1.639327141236239,1.638368787996512,1.7332484458816797,13.377109503776312,1.6012320486861171,1.7687326764072384,1.8786580777553397,1.9494752508701647,1.8135511292404185,2.5262133518250978,15.440953219149478,1.5032307225843096,1.5442367923558236,1.6445221734773934,23.888742633479303,1.730647592137564,1.6775864134110663,1.677341180256094,1.650405614849921,1.650405614849921,9.190609597181483,1.5944080989043372,25800387895.034657,3.318365208205232,23.257477797236746,1.4960919187504678,23.703659108562142,3.2671628666001835
1,Seasonality_True,19.37824113358586,1.4462974013893872,1.6604502132982624,2.3840795743388354,2.8496839545176917,17.728347218076088,2.3899030195687194,1.8821267774407324,2.100237765191304,2.40888706700202,1.715231457572138,2.073961078777429,24.158951476696625,3.900503702430641,4.091002188178747,2.8449004318396267,30.231045028142425,1.649472024898541,2.188945799879305,2.0809253690884666,4.16415061756639,4.16415061756639,8.855203967444508,4.11122589083005,7882693550.166009,9.001575906244675,29.456127986370905,2.8302502551630133,29.70367280973094,3.4257132080432062
2,freq_Daily,10.52022334742446,1.0244327555917256,1.0786306710351936,1.142834603375654,1.2466069784328209,5.23866775488142,1.098456580433428,1.1096849494521444,1.1743650498039775,1.2751769841156628,1.2372043620728015,1.1726518481242731,7.917306212214989,1.1667187516653377,1.2096053269781688,1.2617446644939814,19.490072433818845,1.1593290622466874,0.9956864647732412,1.0650657209768173,1.2252446810711843,1.2252446810711843,5.917949840085191,1.254318391411874,1.343332951411749,1.205584748453799,19.444340131150383,1.1093615004558464,19.945282444999005,
3,freq_Hourly,6.850364652757078,0.952372228677921,1.2391950563454155,1.884458498641108,1.8654668863969228,4.780923190051124,3.086991959860629,1.3546123439163724,1.1652066912274042,1.4574579852509812,0.9857779726727388,1.218586820725267,9.63063752355101,7.159628036702646,7.492179719809173,,12.85893487955777,0.8841621308581461,1.4937215681353864,1.115378654114573,7.244363740641161,7.244363740641161,7.321714838627729,7.15821692470407,0.8680780549839304,7.953828659118855,9.383803782714692,4.316260052034702,9.670073737012514,
4,freq_Monthly,13.725179559814569,1.0531376142105364,1.1173595658733373,1.8671455685833331,2.27955195318051,10.777018502310838,1.5413019916520283,1.3095062945879603,1.3921083134107244,1.764117018125197,1.2356390891089533,1.3882973637063705,20.27766055664847,2.341827614195368,2.577187796746799,2.339487248633548,29.12194177592398,1.1483872107856774,1.5254168593424655,1.4860478294190171,2.544979941605478,2.544979941605478,5.352354041258303,2.6162157788463287,5493926683.052846,2.120300815634479,29.42703047586102,1.7251501534187237,29.54694064729975,1.6698290547232804
5,freq_Other,42.54437922201761,2.152681889236398,2.3066853477088194,2.6335730193532974,3.1225481231813537,48.97736690677945,2.288872644396598,3.434280786177366,3.616842052258825,3.2119876549676944,3.357875095899761,2.693929486804807,48.08682489490403,2.3583493539535167,2.2317529018120017,2.370184764325352,55.7733258178219,3.197548480525981,2.708760629256584,2.5570028790633312,2.940537511205829,2.940537511205829,30.34493586623903,2.379991999828406,2.378286350591191,2.5959082628885035,55.49167023479822,2.092689325175085,59.541341030281664,
6,freq_Quarterly,18.362471112306448,1.1265448631225905,1.187445593248586,1.7289204103505231,2.216676282111469,20.01307847621172,1.3953723019219515,1.418066549888587,1.7405113568159745,1.901657578793672,1.432685299232307,1.438154611154129,20.26306792638062,1.705781626088751,1.726010928789291,1.7765082733425035,19.24407580998216,1.4005381318384644,1.4163872748475137,1.4408471124575075,1.983987083944119,1.983987083944119,5.722240699365472,1.93951306848229,1.2106425945776045,1.9025704577765248,19.193547031841145,1.1640217598542224,19.20064792375212,2.6619653841701485
7,freq_Weekly,22.40379120933238,1.182070494018311,1.2962626850025698,1.2845235278178653,1.5472064884108052,4.901666085218665,1.2074789919328923,1.4295355203350957,1.3454064407267567,1.8028414007022195,1.7213574305546138,1.757781588104839,7.649016793333219,1.615494691605561,1.51513280777897,1.4282235032532986,44.17391564562357,1.588292432975502,1.3002388844214745,1.426402154756048,1.555265359690552,1.555265359690552,23.587822382750584,1.709512006894231,32.454426469469055,1.3702732224309089,43.85906982888604,1.4978448029543394,44.13867685336263,2.6696309333588832
8,freq_Yearly,24.29283982528565,2.9214093394219853,3.4759842404775427,3.2969273166812307,3.1142646008886463,26.08638123995085,3.3438644621565268,3.470191277120742,3.8911972013499647,3.8105216363957584,3.251150471666316,6.276740113962934,29.223707019357903,2.729046828345046,2.863799458465445,3.167521268283456,24.653648704380487,3.207943469745248,3.8698321478019584,3.7451525954129994,3.039348427203128,3.039348427203128,7.276238697863085,2.783417951665601,95369274535.53882,19.011759727090443,24.36348829111164,3.242048850758508,24.387403791203248,6.282508306081756
9,Trend_False,5.877934070837482,0.9680566172278152,1.0069141147419995,1.1273027037623056,1.3257080643056105,6.21765416534227,1.0642005301583422,1.0523368200111458,1.0766105808909372,1.1313625004829024,1.1268460029697165,1.2724310360541409,7.717514003615114,1.2455859869720238,1.3109461287265711,1.1967378087568024,8.281731721874571,1.059186162238775,1.1159285942036197,1.0734929013611554,1.3139192862958815,1.3139192862958815,1.6479143134104948,1.3966375281940402,31147267117.698154,2.1852096027943912,8.71083187167137,1.10424859529351,8.940637247447947,1.127248126072298
10,Trend_True,28.09143350722933,1.9105954897428743,2.2200383672497783,2.650752346985845,2.9136511913680203,22.958300616615585,2.6579709869890875,2.4919842784989528,2.757579452563242,3.016424052852786,2.35531812490896,3.3159691962382265,28.71639116909136,3.48609803241672,3.614634080356312,2.8167917463411376,44.36519237392153,2.271326596353117,2.553342583481512,2.512005407834869,3.788878765062339,3.788878765062339,15.685639618171995,3.611169678946001,7922826143.552563,8.485930257896403,40.78833401742256,2.8216374585851867,41.28677887207598,4.874052114748194
11,Stationarity_False,24.94490122104854,1.7934165675770892,2.0654339142104554,2.4506980921064225,2.731806631616609,20.639279100901334,2.4076748320318977,2.2972247720981325,2.553246383279357,2.768152198969249,2.214109195451405,3.006641641913243,25.90685554890624,3.002882738680441,3.117821133436516,2.585362023795106,39.089692823195016,2.125237235313012,2.3054292990233205,2.268982878977417,3.287525676127561,3.287525676127561,13.66415708832087,3.1433114917948544,31141490090.363167,7.032232735882334,36.32014584203909,2.5003971435268406,36.82555890566308,4.431037807612237
12,Stationarity_True,6.308519515946039,0.961134293027858,1.003834455990839,1.132145353440072,1.2901207736465967,6.460889596362325,1.1328137775340634,1.0660630080960125,1.0571048104543883,1.1390270417844814,1.1001303593573424,1.342635772669981,7.870484437033376,1.5444758642250296,1.6182213020134402,1.1894610932459364,8.304547138413948,1.043234767216375,1.212034397758044,1.1618469505102342,1.5941385114693123,1.5941385114693123,1.970921062351158,1.677037304456632,15.848363131335857,3.171779373354365,9.21620935606983,1.257338641493268,9.380469582257714,1.1865155104534797
13,Transition_False,27.83057981468359,1.798797018388325,2.1018033783567605,2.2767829592001867,2.488740897257723,23.650859868310285,2.1358187347503885,2.36947585996378,2.676436756435995,2.682361873987161,2.3227993710288293,3.3032408403539453,27.98704262576758,2.1126006535468163,2.172331403227303,2.284323347798342,39.65138446138943,2.2775008643654053,2.3713877442164817,2.3584292264661806,2.5059626757747586,2.5059626757747586,14.810046834831924,2.2531749864259547,53122975432.52016,8.25858864255685,36.96059590277317,2.1565741331427217,37.37238921790423,4.983770560013969
14,Transition_True,11.97160309109792,1.2820454529804295,1.3968905030032994,1.7443614687833588,1.985359735614252,10.317223910985868,1.7788700952791363,1.5053119436212925,1.5713724491736247,1.8204962094549524,1.4738215547033882,1.8268055957887213,13.74421208703034,2.6031453972279617,2.7233712011376543,1.9487352108508775,19.90144293216897,1.3804492047948491,1.6012783810822813,1.543486887278814,2.684321654266078,2.684321654266078,5.890739508961867,2.738689008395927,57246.96658384709,3.9982102226645457,19.41357969223526,1.9304951532123125,19.7589828495868,2.098454888104371
15,Shifting_False,9.40099693381096,1.0624254300804372,1.1417452095277691,1.355222531105864,1.5632000370906751,9.484114209645014,1.485461227574907,1.2567303355986066,1.2617583194695876,1.4096299095508538,1.2285351493267125,1.709045060707603,12.498747519482349,2.174363417602567,2.24799895112918,1.4108625480450665,15.065782787438833,1.158628788740394,1.3901452767735891,1.3631806602788057,2.228214859795649,2.228214859795649,3.340665954905695,2.2882088482230305,74317.67625060672,4.121530928556998,15.380983182432688,1.6807162671479845,15.63917861428438,1.393824434577564
16,Shifting_True,25.56973007234044,1.8570458140195296,2.1381434638686176,2.506751733862938,2.747310483820644,20.464253766317007,2.3135348082582183,2.351734907474575,2.6457327618664377,2.822510918755854,2.306207934115577,2.9748565938820346,24.925362015490272,2.675552732610976,2.7986088683066024,2.6949367221724443,37.92125953628726,2.2237370396508043,2.345312551335916,2.2890135096343034,3.001831339507089,3.001831339507089,14.609656392799282,2.835665077030289,37197764490.81683,6.861797163543682,35.61176112475851,2.3313666774558146,36.09222954209616,4.83546613134778
0,Seasonality_False,2.006830667332151e+36,4.64662724822453e+21,4.576296999711862e+21,1.06382969610591e+17,5.528693177813141e+34,6.245410095787734e+22,4.694411906788575e+21,4.452413508951323e+21,4.522837786737424e+21,1.424259645007657e+34,1.13561190917207e+36,2.6755324170730057e+34,4.2290027094038255e+34,3.172063835983885e+34,3.0800785376150323e+34,3.6071392500848143e+34,2.2113996514492497e+36,2.043262543531584e+34,1.0691209436886011e+34,1.399195763922312e+34,3.209692473281528e+34,3.209692473281528e+34,1.1383994054792932e+36,3.139143905455449e+34,2.822716342274943e+34,3.2041346342876985e+34,2.006830667332151e+36,3.1024049877887813e+34,4.118832532704128e+22,7855955803664.263
1,Seasonality_True,8416437752.959616,2059259071.9664824,1442528946.9154687,2979288003.174072,2533245903.12492,6079318780.65631,1834539599.701892,1608038677.6508396,1304522063.6234994,1493482502.5140393,741112212.124182,21610571849.647976,8314705741.468531,7669324279.6848,8623945437.583939,3223895424.9738274,20945783268.13464,936479645.779084,1405083386.6630597,2010812821.938564,7739247682.276466,7739247682.276466,3761738515.932639,8581488121.509429,2.1804598562338e+29,4393584266.653247,17297087926.963917,1380673767.522579,17295376252.432446,2186789476.55387
2,freq_Daily,6.695295575445741e+36,1.5509645902351149e+22,1.5274895579440694e+22,3.528835959570868e+17,1.8445121242151527e+35,2.084610905234537e+23,1.5669142909977157e+22,1.4861393701728984e+22,1.5096457879632931e+22,4.751691039375276e+34,3.788689058160997e+36,8.926254041056907e+34,1.4109024537909931e+35,1.0582808660347854e+35,1.0275922398741258e+35,1.1512146542823876e+35,6.695295575445741e+36,6.816841545165008e+34,3.5668583505406093e+34,4.668071581657254e+34,1.0708347328313238e+35,1.0708347328313238e+35,3.797988852107804e+36,1.047297943120615e+35,9.416567446774404e+34,1.0689804969244203e+35,6.695295575445741e+36,1.0350409093357316e+35,1.3747957394411444e+23,
3,freq_Hourly,29601823.962956555,820171.2686645786,3220765.8619311173,6885310.973935693,3467739.316102605,28825199.607024185,4911311.419849577,6686108.172192021,3293669.860185353,3237132.5859120777,3166630.7938973275,3823475.4242268857,76448321.76753777,34095059.35645032,33733172.66256908,,1065961181.961488,2179340.7374498816,2395532.1074326485,2034798.3688709512,33749131.375353806,33749131.375353806,30484938.65622096,33914917.05267468,610222.2470292259,44820949.29281234,1065959685.958564,25234359.99652883,1066103434.3414848,
4,freq_Monthly,1318155226295153.5,3179363796586.3506,2393123635399.0005,4752386522195.77,5004417126650.089,1488363114865824.0,1722940103388.3691,5616811096052.146,5110405852518.753,123641847327.93924,45341202216.703705,214885860261203.3,2237480276883636.5,29493929677469.61,43054827484475.21,42839653539933.47,1318155971004224.8,34118932023.658905,134210198973051.66,746062671237818.4,38341556567.601006,38341556567.601006,96062504633405.08,29668429788046.99,9.441248855333782e+25,59875274458286.77,1318155966741939.0,29655016273249.01,1318155966593081.0,14579673100475.309
5,freq_Other,5865233646.458103,533695293.82457006,822023440.4909477,757096457.8664472,901524619.966531,7483647648.284313,702029555.54311,1100284065.5708814,1258123435.4051943,1244626292.0252428,1083521244.1393552,500169679.0315994,7160659657.465601,725534709.424145,555027807.8143291,551224603.5522825,73114833965.6251,1005533222.3207238,384268036.2684384,354523863.1201622,887486920.5638905,887486920.5638905,3402777833.1928387,700825633.6083131,634544646.2512223,610179300.9377307,72735179089.3895,720850368.3247205,72720374989.16565,
6,freq_Quarterly,690635530.3033341,20063181.53102235,15865340.811337324,49201969.00007011,109921886.25855152,804063605.1215861,24438448.428313527,17201178.456044175,41585967.93557285,40872009.3120748,19962499.632076778,32866669.10271859,819868628.8241601,51052170.96114837,53252319.39417553,59825880.9151766,693948267.8900424,21350465.25946175,16638261.52286491,28398548.00208524,79646066.6726538,79646066.6726538,200118174.10954383,83700124.64856647,22387445.09926175,62003640.95658626,691792860.9776524,23387632.52375968,691786890.1842753,62581385.9079033
7,freq_Weekly,10278059.72257868,135067.58204798697,173123.94209934628,144330.14258348194,194787.95975439216,1857275.458586864,159298.1736036081,177767.5959247692,185535.34362249792,269134.86024513457,219279.17351014577,147716.0582236786,2525740.7885974785,180837.29788238436,176517.6372219591,215095.0402942781,24780217.23395929,211396.7070628832,128245.9361312712,143553.97040210734,185498.81533262023,185498.81533262023,9352310.613849131,186924.0650741354,48759020.379921295,203273.48571571568,24764154.143361043,162484.0394554525,24788420.554823004,256501.43686272125
8,freq_Yearly,2109341702226.0508,139094932768.97888,174197165527.60056,266243794929.7348,218890653400.74146,2470917879998.577,152387512836.6729,164700349177.90973,202229117984.15384,202616369247.33588,177881320963.93637,129495603241.3871,2763309942903.209,124442147894.55415,152569870172.00684,98196964602.44246,6187900366797.612,160547058917.88132,27742810300.442936,17908036984.01145,221852382051.28467,221852382051.28467,898375295745.0117,165910752448.38568,7.669791460653407e+30,87150420865.95956,2109341365059.2825,161937861929.67325,2109341410178.7173,798283899826.8616
9,Trend_False,3.969315284678601e+16,4486338594204433.5,4642614398744475.0,1.0378375358016814e+16,6904355569798230.0,6.580093401055099e+16,3707183785903017.5,4820182803996880.0,4675986332247695.0,7737163156500042.0,3392093226370268.5,4439787588419319.0,8702482498567709.0,2012967757201307.2,3776167877358829.0,2204292774282059.2,4.392413507549179e+16,9984674999135004.0,3274414775639665.0,2470618452894296.0,1856817809404630.8,1856817809404630.8,2.0318802755669464e+16,1854491150297092.0,2.8419632065620707e+30,2987858399473977.0,4.104121733344902e+16,5712586468237161.0,4.104121781326673e+16,476086293.1271528
10,Trend_True,2.3328994209817985e+36,5.401782008044655e+21,5.32002171556129e+21,1.1231450135822998e+17,6.426992233705768e+34,7.2603933561708305e+22,5.457333212293593e+21,5.176004816636396e+21,5.257874409000086e+21,1.6556725762932403e+34,1.3201255135738246e+36,3.110251466759439e+34,4.916128765968148e+34,3.6874590401399895e+34,3.580528020599208e+34,4.228181878723063e+34,2.8339471289108613e+36,2.3752507285806224e+34,1.242831132238146e+34,1.6265363294621662e+34,3.731201557928351e+34,3.731201557928351e+34,1.323365920762616e+36,3.649190297231728e+34,3.2811115453748725e+34,3.724740684282319e+34,2.3328994209817985e+36,3.609024223341696e+34,4.788211696639484e+22,7969736029937.921
11,Stationarity_False,2.0302040527097424e+36,4.700757179381826e+21,4.629607633062707e+21,1.0575963249580656e+17,5.593085395045538e+34,6.318164719834506e+22,4.749098495525651e+21,4.504280986983723e+21,4.575525657950612e+21,1.440847875446038e+34,1.1488382840847812e+36,2.70669411461554e+34,4.278257542758141e+34,3.2090085925533744e+34,3.1159519492709493e+34,3.613355776151312e+34,2.4186510793479745e+36,2.0670602478595976e+34,1.0815729040053667e+34,1.4154920774784157e+34,3.2470754873757345e+34,3.2470754873757345e+34,1.1516582461234126e+36,3.175705246405788e+34,2.855606165822836e+34,3.241452916705843e+34,2.0302040527097424e+36,3.140463523725671e+34,4.166814027567254e+22,7086394005680.98
12,Stationarity_True,4799339045.007263,808166896.6248177,753161547.2146863,2079819370.8876443,800055822.6243234,2893133495.864358,675186691.9689069,852926753.8889728,616857311.4204438,828718301.6902969,288855351.5404179,590582984.8127433,3782172345.8047376,6377147761.437793,6457519269.441152,133294650.00929624,14007471501.231094,389138328.4721495,688851409.0685084,607977182.9225734,6437246541.499174,6437246541.499174,2090895207.7046,6742301132.008244,1846543037962.2104,2520151371.088109,13278669044.867926,666140246.3951094,13276714173.650028,626106890.9591613
13,Transition_False,5.343118589093591e+16,5954017975699402.0,6160912272133615.0,1.3768915078746844e+16,9163143871732638.0,8.816821896820878e+16,4919459423405539.0,6398369171068532.0,6206786612904298.0,1.026518927129944e+16,4500460807961608.0,6015692362261860.0,1.2851760806008546e+16,2687882239493849.0,5035067633450036.0,2615747877053031.5,7.030406074179138e+16,1.324692484329553e+16,4422483145049664.0,3712822505888029.5,2463591775530726.0,2463591775530726.0,2.701374399631364e+16,2477750926256304.5,4.007260619116255e+30,3998986726056928.0,5.521968024109466e+16,7596350177501317.0,5.521968087863306e+16,10955880794556.06
14,Transition_True,1.911837335763225e+36,4.426633522850698e+21,4.359632883102213e+21,9.211552872686512e+16,5.266992480922237e+34,5.949721836230854e+22,4.472156430877824e+21,4.241614414856852e+21,4.308704623685515e+21,1.3568423133409486e+34,1.0818577183588453e+36,2.548886087536742e+34,4.028822862085499e+34,3.021914191255766e+34,2.9342830170737013e+34,3.759120912795694e+34,2.0656587596593516e+36,1.946544709067707e+34,1.0185141027905068e+34,1.332964831090892e+34,3.0577616769707224e+34,3.0577616769707224e+34,1.0845132685256842e+36,2.990552525670565e+34,2.68889476448205e+34,3.0524669182910134e+34,1.911837335763225e+36,2.957259740959233e+34,3.923827017575142e+22,1577421142.8104775
15,Shifting_False,555674067782576.7,1339371831099.3823,1008345040469.1052,2067004441647.532,2108363421027.0264,627427018619476.2,725487175994.3341,2367360698529.1567,2153882349661.1567,51655236733.73396,18809858930.934406,90587614068294.31,943220975767634.8,12432480696507.44,18148463033342.52,20216629522322.727,609051345437827.1,14004919689.885994,56576530621328.88,314506313538378.25,15288199754.736153,15288199754.736153,40494374679528.25,12505623328237.863,8.020785832315849e+17,25239740951263.37,555677004148790.1,12500728010814.29,555677003516540.9,10236000612216.248
16,Shifting_True,2.425144894791672e+36,5.615430877294728e+21,5.530437047015157e+21,1.280096117281899e+17,6.681122754052444e+34,7.547553643798802e+22,5.673178451105528e+21,5.380724331033517e+21,5.465831795849911e+21,1.7211397369863095e+34,1.3723247650258528e+36,3.2332343170438003e+34,5.11051804106867e+34,3.833265328766467e+34,3.72210613613181e+34,4.425645781766329e+34,2.886641090633782e+36,2.469170820850591e+34,1.291974076690814e+34,1.6908514100999183e+34,3.878737475034622e+34,3.878737475034622e+34,1.3756933015689483e+36,3.7934833966096966e+34,3.4111146144830267e+34,3.8720211311589934e+34,2.425144894791672e+36,3.751833682106072e+34,4.977592972712761e+22,381694267605.8601
0,Seasonality_False,138.94503622316168,20.497369662322036,21.671234473539705,22.04957009559372,27.153511352018327,104.33663047522236,21.413370447486685,22.33114910926615,26.76645149440712,26.966001185964377,26.837666871862123,30.968421175489045,140.17355451585567,25.69747274615775,25.18999179035893,21.80528253097508,162.64835434039716,25.31645441552236,24.126547002808103,25.70502736863542,22.753136488806568,22.753136488806568,45.34045636604155,25.96142450320055,33.41338068552973,44.55070163164988,160.55335153670885,24.491106432986008,166.8591797385413,35.61360286495762
1,Seasonality_True,107.9567353883078,10.927450852604649,12.26334005502955,15.189807294450288,20.93764064859461,85.33995245625559,14.3008346473562,13.53667591633546,19.040526227461893,19.62764892645259,13.404059797343717,14.566236361899891,121.33506907549987,27.17936632624358,26.385648981884845,19.226790542521133,149.8299527987259,12.789743827157524,13.556817820043324,15.793592626253618,21.60597828237729,21.60597828237729,45.386469180755086,23.685795453808915,19.182796174040863,57.40859102766802,155.6116383727062,19.868132817567066,161.0742091116547,18.26327898350139
2,freq_Daily,71.53240822447555,19.54674608450753,20.66153956876576,22.204792958646667,24.89534808015382,51.94295642814829,21.10667631108266,20.506901791390025,25.42175214567077,26.79234506425358,25.922725175405667,26.1967585442107,77.60638685764191,24.65169490742419,25.82569167956598,24.45682983212545,114.2760402995482,25.388043587268243,23.46401703836368,23.51570247828908,23.78659862147482,23.78659862147482,42.84340763579375,24.51316491190269,26.46286753743099,22.00437204227901,112.61258321928842,25.98399838256346,120.25641421125673,
3,freq_Hourly,36.42075510630112,23.85850472955276,25.52955494499749,30.702499712474346,29.860181167713023,33.84864269080446,29.39561015111805,28.33680847272314,28.479770458604943,27.319420865886915,28.921457189356463,31.18081939355265,41.590111641809465,49.23469072091352,48.71372796737968,,77.35607072921941,24.273774740192707,24.469210392029616,24.060587224927836,49.58005232115617,49.58005232115617,43.16450179334832,50.21606249282833,28.473100968709723,70.38234476371454,70.49165923423483,36.71327132146891,73.12367416405658,
4,freq_Monthly,118.47545956015212,13.401884027264508,13.718449019680206,16.37771779058773,21.481260023363298,71.99620615578863,15.250472307422694,15.14790935344474,14.67788145091061,16.285455250196385,14.903312458232342,17.17190590576863,137.9809218101761,18.22276065436684,20.19073276720713,18.7495836245651,192.16782238372903,13.95508309142195,14.903879506598004,14.698464843155444,21.00110091136354,21.00110091136354,28.82031557043972,22.252471186333143,17.214198746514107,18.3549473022928,192.24951503667364,16.22646458253606,193.17749101462653,16.490505934049715
5,freq_Other,115.9901520792103,9.8533300677088,10.95239308027503,12.069171809915236,13.9160304773595,104.2762555286754,10.39029848424236,13.576041126357392,13.804114132441905,13.841096286702872,12.205525738083168,10.283164814511018,122.73908176918512,12.93466297184894,12.943725893916165,11.656829963974936,151.97029809087968,11.150674330410972,10.101885089032823,9.770143684144124,13.905457586459653,13.905457586459653,36.15157463966664,13.25789721567847,12.015374619443303,15.013137423276516,151.26441997493308,12.09694662604004,157.85790381957736,
6,freq_Quarterly,191.48944746792844,13.990656588331923,14.42508960877636,16.753241232484584,23.06745428259837,156.78920382132105,15.103315078676951,15.994358481303856,16.812966748809586,18.070196243924386,16.348247196302356,18.29477343134376,192.9389304561365,16.571540598566937,17.25114727793291,17.44026710767529,198.9297293083752,15.481911994819862,15.648044111316514,15.031471426362211,18.24149600901787,18.24149600901787,35.98846276682364,18.583168572620355,15.999938854118357,19.524276437269197,198.35945942587577,14.23486646221246,198.2377231435765,21.732783250701583
7,freq_Weekly,75.39233466030277,17.13724608270985,17.95749827941794,18.2702755247072,40.25472251251527,59.21001005469109,17.443097995784758,17.811245844712833,53.29270724796392,50.16367699563587,36.48215844179086,39.46143027655974,71.95945342462218,63.42593984254102,49.86945067515728,30.52547626222725,138.11106769807762,35.27619161288892,32.1955413582215,53.56004075175269,14.48990038440943,14.48990038440943,113.55874286568604,37.11205055959648,56.27948280781565,19.287578658662355,106.533995572504,43.37100332731022,144.66108166532962,51.59264327739002
8,freq_Yearly,199.30726060925463,18.99019482976593,22.23719056428785,20.280997937323733,22.0181318205574,157.22099091533937,21.386476733373847,22.118398031139204,23.86350686025715,23.539994076530583,21.33280924655713,30.445624347268453,199.5991143277958,19.314349929665276,19.464488626267816,20.271608399486134,199.77129969823773,20.602325299758537,20.77626793536624,20.24661709937012,19.93489660382313,19.93489660382313,42.55438904668521,20.112343454858344,41.91875981567303,157.05078897291122,197.9455716538625,20.26802888390501,198.2114511751333,36.93901864343356
9,Trend_False,119.7600220954377,25.24272994373965,26.261028507251392,27.89430207420388,37.37442867063724,94.50339833993488,26.992524103343538,27.307319364963607,34.807741016978454,34.97198480761803,33.30665880787352,36.80183957135982,129.15270851586465,39.62929941474199,39.814335815501344,31.52789039516868,136.0764268280202,31.2615656326786,30.05348683710792,33.385195392631566,32.50661253996398,32.50661253996398,47.50334385593237,37.1663108843558,40.21038122207835,48.91058679595055,133.3987684261324,35.0194400085877,142.82384446150013,34.69300612837005
10,Trend_True,133.4238305669657,9.246896613517691,10.67853076830169,11.70866936448224,13.463362714030245,99.2267516161784,11.215913809589628,11.441857083358029,13.917465855951862,14.43525791106949,11.220633874552563,13.747218843056688,136.24278280803156,14.322204962286168,12.98589154950873,11.957478048287069,180.2183946288658,10.831672652178533,11.090256866267676,11.582533333555444,13.19063768432237,13.19063768432237,43.43977157958178,14.27498450020124,16.91971856624712,50.06167572335384,181.2221674878689,11.686040073051403,184.12522920454452,24.34768156540545
11,Stationarity_False,135.17731180616448,10.75378591702087,12.206029528489315,13.396850639367631,16.610151538972797,100.90198260651046,12.904253661911271,12.939982328075995,16.42450339526472,16.800375525177238,13.454571046893768,16.224771294774815,139.83571956968953,16.94694395703748,15.36534951397426,14.98108542239211,178.3119441306357,12.85312511866744,12.885163095392455,14.324534717859423,14.808806680616527,14.808806680616527,43.55447022661728,16.305623159899543,21.16799780762436,47.75710487967968,178.281175247411,13.941647057723776,183.2642554653448,27.269239072151397
12,Stationarity_True,114.32270150184584,26.119902219306645,27.023736330387795,28.538787334362457,37.30610553679243,90.97591422962928,27.5461159871256,28.17191978286352,35.12229364690726,35.433842392956805,34.2807411365506,37.594070971411455,122.19428706435816,40.645220125830754,41.51282189956277,31.215652461564115,129.73832538419884,32.23194801189118,31.07975651138233,33.519201578116565,33.87596508106932,33.87596508106932,48.1394601813549,38.61497082555759,38.31954700000927,52.23372108707854,128.36579981258356,36.21179514312868,135.8882317312139,31.22855441573613
13,Transition_False,144.5911907463046,9.4350038742905,10.984471314823937,11.39885485714372,17.038568948043924,110.83447684982669,10.859693308155313,11.62236251499407,21.93205348469322,21.215748705171407,16.403890664624303,19.14292805775352,146.94154009518297,20.905252847299117,20.089339429832503,13.553987393342078,173.6759649775058,15.90507590886741,15.284454450050722,19.78454540818558,11.328731856404724,11.328731856404724,61.19398552094935,14.6726229200248,25.62877107923541,56.75447662820545,172.32282940460613,18.520140673026276,180.77495371122995,31.45407030674076
14,Transition_True,117.24008272341514,20.868927639140598,21.93245274262692,23.70732126861241,29.01326325874116,89.35049453861564,22.97800343016827,22.97251811807868,24.802988759384096,25.74131980814217,24.54457821296389,27.663703199168307,125.13594710468809,29.23365239186707,28.724884303935497,25.50424097721238,150.6241982589303,23.002486893619874,22.671823480831737,23.031131200932304,28.376337098809625,28.376337098809625,36.6100233738772,30.83289142610677,29.17879963056721,45.52068493591722,151.0876038186157,25.01992870068524,155.69983783715605,26.486069407860885
15,Shifting_False,120.183007309727,21.881006649192795,22.76315959220297,24.25835540727404,30.673660861778213,92.45592896380693,23.983126479014736,23.94466876284484,27.81109196494446,28.464837814806025,27.310404492601094,31.617709217287157,128.54415100276245,31.01832353893204,30.949667794328537,26.881874738932108,148.94294631295725,26.254459861654414,26.02220804560389,27.34718904780744,28.60492866701149,28.60492866701149,38.18594186449515,31.76186271752503,34.251262389045344,48.15022211050643,148.2797017807066,28.02152438439145,155.0311198292327,29.07262032930277
16,Shifting_True,133.55413632396963,11.873380549833502,13.453353236062236,14.454286625745617,19.012583188526023,101.39854949785686,13.509494644214094,14.074396304889646,19.87436742078109,19.93023739635525,16.159171791747784,17.86030966024918,137.11297414800214,21.66768602197439,20.51710676576116,15.32911597673164,167.49604885470154,14.876967832529022,14.24772936462901,16.572743717184036,16.2085529230044,16.2085529230044,52.30994599970109,18.608074272290995,21.774630339673976,50.84417134750268,168.68987661576384,17.550405523497567,173.92399234983415,28.252164626230552
0,Seasonality_False,2.013302191492955e+16,974866017.9866976,967861552.6608793,5989622.61340006,3341679919926565.0,3696694570.7164006,979211963.1509358,956219345.6689504,961703063.0975562,1696087954568621.5,1.5144973166714998e+16,2324655952167105.0,2922621928718266.5,2531188606462525.0,2494219407146092.5,2785191038923727.0,2.2185308591401484e+16,2031494519717861.2,1469491342429670.5,1681097446592594.2,2546157465567248.5,2546157465567248.5,1.5163551579132096e+16,2518019913009812.0,2408743275195472.5,2543952076543750.0,2.013302191500568e+16,2503241742559904.5,3009371459.867265,73018.24605129752
1,Seasonality_True,8264.91175541238,2206.7595162915404,2108.11055632078,2979.0379132185026,3142.488614039293,7613.13727215209,2387.8479508820096,2191.04764519178,2355.275216612018,2498.334825006076,1904.855735922605,4488.7152579948415,8624.807510871424,3883.946344771273,4216.656930038391,2995.121572488689,14471.68944918221,1980.2561858342676,2003.6662840255856,2157.9500839675943,4156.593333956912,4156.593333956912,4759.813443410181,4289.423909617062,8363919745868.279,4367.637545557637,12831.831172303242,2349.3217219499893,12835.90887128035,3011.5305152077217
2,freq_Daily,6.716886219621259e+16,3253864535.7705183,3230487575.177949,19774499.9531072,1.114869089179853e+16,12337753389.018623,3268381496.9239244,3191605248.163642,3209908601.6691093,5658579152973551.0,5.0527467754962536e+16,7755641252377160.0,9750607255369222.0,8444686516405099.0,8321347900594019.0,8888907570831397.0,6.716886219646599e+16,6777580436037944.0,4902595441962460.0,5608567019502012.0,8494626423167251.0,8494626423167251.0,5.058945004568181e+16,8400752418502565.0,7965799828014526.0,8487268686386083.0,6.716886219646599e+16,8351448697548742.0,10043657882.986048,
3,freq_Hourly,806.3901270313637,206.0640308518889,311.20635155876545,490.1691409150242,333.55619286547324,792.7069309530956,380.3448312166462,412.4601789361619,332.2730548666472,330.3272949611099,320.64725917374824,330.6713363726068,1239.6940932117266,887.5978953517086,884.5457211238964,,4375.413288017727,281.30516861083373,280.91843751834926,270.01655092221307,883.7829352187135,883.7829352187135,824.0687558868668,887.8935162232796,204.28310298418177,979.4557908950148,4363.936404966275,624.7752308304098,4371.2120239328,
4,freq_Monthly,898015.3096812605,46736.83343017823,40643.74118175761,57757.3222548206,58795.53966942914,951430.9503915848,35345.298550751184,60916.19925402978,58128.45954828173,11784.090644229254,7571.8585886801875,361298.270366867,1166719.083075228,138201.5212548551,166486.603026404,164583.90906985063,899595.245541421,6953.079783028007,286207.349670822,670924.3637868824,9597.483506934908,9597.483506934908,245438.4735124336,139243.2689697239,237485979985.89136,193793.4407373791,899591.798593866,136263.52547499526,899596.6141187259,96563.35340088786
5,freq_Other,12075.789162379846,4308.061658080737,4904.011887460961,4849.736372465171,5070.33344099193,13196.06957080646,4640.144712947542,5249.524359707818,5402.488065509229,5325.820315212215,5785.1663102647,3713.738789275288,12918.835998836868,5059.969964772679,4706.067738516562,3963.629229930804,36400.66741485231,5523.716910418273,3335.4134046298245,3344.230376108606,5287.596333653979,5287.596333653979,8983.453505207295,4961.4286796832985,4573.691141841593,4471.859495672567,36228.47760479127,4854.481241455979,36220.32925720776,
6,freq_Quarterly,8140.565948603294,1161.1358509558463,1168.5216040191276,1719.6973690538823,2397.381670591742,9102.919156833144,1362.2465643232351,1263.3795650218397,1695.5752682675316,1748.4850143017595,1380.8708463373869,1430.1168535210372,8887.744818576884,1702.5793492138944,1760.8661612994667,1792.2386386047608,8238.458354444589,1362.0771997078314,1256.5241712331574,1281.005460327459,2082.0966201890487,2082.0966201890487,3495.2903119921752,2082.5198017575062,1256.2202358195366,1830.484755680649,8226.660447433578,1123.0454126804989,8226.407486689897,2104.424302668096
7,freq_Weekly,1323.2271994487523,139.457146572217,160.62928271111087,133.91958391962822,179.46293639623644,552.038454028905,150.947767288502,167.0381531942732,166.85102478432395,205.2681470521928,184.56190978578817,164.58740486498732,673.5809615464481,168.47743066611875,164.5404505084309,178.92871645108002,2326.067591783383,174.54857007313052,145.5418124622744,155.9990499101456,173.62749828679415,173.62749828679415,1152.4872526796894,174.64035910320746,396.3073553156297,173.9609263070733,2323.6413640977576,162.9262517767723,2327.234917963477,208.5696898078681
8,freq_Yearly,97869.52811187296,20432.79272972782,24092.55719586581,30375.3209722092,22190.55410430833,107345.01401202468,22329.078551029907,23782.88428856714,27149.63365286166,26404.719479387622,22077.91108295249,38236.0969256279,113400.3824979508,17822.03175273409,18983.079000137182,17665.01117447233,232401.1227496905,22247.09402509296,13885.378018820156,12784.150918842017,23128.91558209665,23128.91558209665,59010.80147170501,19147.286270521843,86742531355280.03,36994.85958748631,97873.49749185372,18221.59368876519,97874.37536594358,54134.97749785281
9,Trend_False,3232052.356702398,1086767.284273618,1105446.6605332706,1706333.017834738,1348027.3911004537,4160209.996280944,988022.1100039644,1126523.9308498397,1109416.5886592544,1426723.2997036218,945081.381860972,1081613.911821121,1515703.9957364164,729262.6861879228,998024.258142332,816129.944376703,3518791.419106445,1620437.957543029,928555.1984973516,806661.3102622741,700559.9243177141,700559.9243177141,2311536.690692471,700206.1613938735,27315178131813.105,887986.6037932142,3288114.943907418,1226062.278744364,3288116.9222406256,1655.777446487319
10,Trend_True,2.3404224345746324e+16,1132328363.2967982,1124168767.1023912,5326110.443008202,3884634251803592.0,4293756602.940149,1137469066.299244,1110615702.4199617,1117006044.1379883,1971667400244804.0,1.7605720156096006e+16,2702364784004074.0,3397487946310795.0,2942454751779819.0,2899478816856522.0,3264718509779285.0,2.8430858952847576e+16,2361570641220250.5,1708253494444382.5,1954241243252891.5,2959855742983782.5,2959855742983782.5,1.762731717762206e+16,2927146416214568.0,2781806710457039.5,2957292023385630.0,2.3404224345788024e+16,2912018294819394.0,3495515335.489449,74971.93803204285
11,Stationarity_False,2.036750950159991e+16,986222873.066592,979136750.7252196,5955165.818397952,3380600180539505.0,3739760598.596077,990619582.086648,967358952.2532884,972906734.5722272,1715842146111936.2,1.532136537564515e+16,2351731021493089.0,2956661456701398.0,2560669143972106.0,2523269367548967.5,2789991023481095.0,2.4264506207688616e+16,2055155162877895.2,1486606382584812.8,1700677044969686.2,2575812344100478.5,2575812344100478.5,1.5340160169245866e+16,2547347075871666.0,2442124702339650.0,2573581269099545.0,2.0367509501677816e+16,2533950085343704.5,3044431866.075282,66737.3357242135
12,Stationarity_True,4309.633429379277,1622.428707031719,1617.9437483634229,2016.217473167632,1813.8122312711964,4173.366241874876,1589.5933226939378,1650.0256705997997,1528.5015282419831,1626.5425891930577,1527.636048052177,1885.515384853397,4519.014369903472,2663.9121993975896,2737.235966766235,1449.0706727933534,7232.238172145873,1513.5911403947969,1695.3000418832492,1563.5283822952708,2695.6440703051344,2695.6440703051344,2303.8069898392755,2811.640738800205,28449.69378387651,2677.475584085357,7440.33887572666,1660.5665841261198,7440.190475077174,1867.900483120132
13,Transition_False,4854529.228017692,1475878.9585074692,1499414.0296159482,2308517.6637616702,1830124.753239833,6122404.821000607,1339272.028203969,1538679.9114376728,1516561.955752175,1909878.6991729,1266751.79890242,1659418.2065762656,2741138.424002611,1051441.9750076206,1424799.1399994332,1061544.956348027,6262233.27525869,2162429.989778598,1402459.133420659,1464456.0898570877,941172.174083712,941172.174083712,3236926.5159780686,1013741.101399118,45458471048357.56,1303690.4054402038,4927834.857855626,1712119.2665545,4927840.231208584,101006.98443236615
14,Transition_True,1.9180025300539816e+16,927897694.1904718,921211785.7915584,4343404.303849243,3183501496692696.0,3518299544.06352,932113473.9272864,910099122.504052,915335537.788834,1615803628553734.5,1.4428085846599012e+16,2214618359520716.8,2784279615401417.0,2411374790761856.0,2376155528324583.5,2902541086509512.0,2.07231998933645e+16,1935333723479122.5,1399932967548409.0,1601522696533037.0,2425635098967542.0,2425635098967542.0,1.444578484875988e+16,2398829437447469.0,2274629021158514.0,2423534101835452.0,1.918002530057452e+16,2386128198403134.5,2864180313.0421696,2739.593776195024
15,Shifting_False,378436.2049757168,19775.85147227939,17317.227659549677,25106.64073259692,24646.353602574425,401942.2322105723,14983.29786401754,26008.96237595007,24736.978031828163,5081.190959905421,3489.3755098662537,154175.3085367802,492215.5986894887,58310.939755754254,69929.77707599729,77170.93632944026,416555.1728024712,3185.0299597861613,120732.39044322298,282861.60995566065,3945.9545041707247,3945.9545041707247,103002.0552943344,58599.04603454791,19896373.378507297,82403.64464085647,380687.2611334003,57495.70616053044,380690.6886521549,67129.05751938521
16,Shifting_True,2.4329653770891496e+16,1178104281.639985,1169641721.176979,7184829.483477992,4038237071874148.0,4467057066.06225,1183361123.4969225,1155563796.1345885,1162192205.3676682,2049629353931384.5,1.8301870185110748e+16,2809219335753258.0,3531828451832182.0,3058802731358690.5,3014127479745140.0,3417186894652632.0,2.8959497820946724e+16,2454949808913041.0,1775799764680526.8,2031514146195619.5,3076891777403178.0,3076891777403178.0,1.832432117839597e+16,3042889086915384.5,2917197513871661.0,3074226685539320.0,2.432965377098484e+16,3027247158571858.5,3636454348.912653,27414.80790363089
0,Seasonality_False,142.3032325233437,28.860555200599435,29.97411729677124,30.08919716697957,33.58159675469779,109.7685868651831,29.64972262420303,30.596226619763737,31.06716282572605,31.42489942161642,31.758098880273785,35.4785195749293,145.792139650772,30.28754710518748,31.14206246471357,29.445919753975645,164.6896587072364,26.499969908374524,29.427324128167,29.105632311633485,23.5878976997765,23.5878976997765,45.85789869834168,29.13865733074594,34.94487375352346,52.63237547661682,166.9077119858321,28.73232239188423,169.1053407788145,37.9893478553308
1,Seasonality_True,118.35479865627072,22.56338032462035,23.89315208443304,27.247199691882702,29.761099106265675,94.16103450345524,25.921818121581246,25.142954471804277,26.011339069435007,27.034776435541573,16.69014579397459,24.806025398089066,129.28527877856348,31.88282053347805,32.32440944852104,30.790325690623327,160.64998478149397,14.0071764408266,24.03887527347501,23.819541455385483,22.89096749377532,22.89096749377532,46.60732583277536,25.04085795146548,22.000395599111076,62.62756699225231,166.53326364706234,26.01434612859795,168.72275861065833,19.53842814671338
2,freq_Daily,73.3279361548946,26.189283134599847,27.07358848927313,26.082710072695384,30.224399615912485,53.9607446065016,27.34349346150581,26.932819347078546,27.780019732387167,28.11844794846795,28.18613030655989,28.25895397692439,79.53564908986657,29.91814118470931,29.72866931722468,29.92588281328726,115.37941587575428,26.054371367284816,25.57913633475841,25.617557504520367,24.90264005937436,24.90264005937436,43.62585432980855,31.63860538226868,27.41479314229071,28.9683432110372,114.62233099516888,27.210786468303933,122.24982553282877,
3,freq_Hourly,36.554662688889046,23.985038513261077,25.67471498722365,30.85575399529233,30.01787905311655,34.010302974161775,29.52490607482371,28.50045317388033,28.623868684461243,27.471622359532773,29.368893516802185,31.401502555381388,41.76031990067519,49.52470001533252,48.947640228279504,,77.54232264711807,24.43470003641276,24.60022238679105,24.19679989583648,49.84307033205171,49.84307033205171,43.328194887269554,50.49409960891625,28.605517114273084,70.93933019765976,70.6166477056122,36.86317063318976,73.25358019507343,
4,freq_Monthly,118.49131493588196,13.40595522820636,13.722000863846691,16.381326275934743,21.48768338956253,72.01770202930877,15.254131723870971,15.151886019507115,14.681693765987626,16.289270803577967,14.90693975534741,17.17684796241628,138.02307437587422,18.22678376804771,20.19483595681117,18.754971524820057,192.18553216829548,13.958606049029516,14.907701085005591,14.702406402566368,21.005929638112598,21.005929638112598,28.82512645921307,22.257364068825115,17.21789418491456,18.36166723507688,192.27005450806035,16.230448888106945,193.1996663039917,16.494873470969747
5,freq_Other,116.02190020486474,9.873374209938738,10.971998664229602,12.111314447363446,13.936180356367814,104.34231201326337,10.415079654155942,13.595270596464202,13.826771973344066,13.870616749953214,12.237201641463187,10.314109513355076,122.78586203507793,12.954594517111882,12.96368769957308,11.68124255329604,152.01066467078655,11.170443250976025,10.126117689105044,9.795016740691045,13.925185423383883,13.925185423383883,36.177347985144,13.277620575535837,12.045380931553138,15.041049709498257,151.33581189774998,12.117369378759046,157.90734764144074,
6,freq_Quarterly,191.50105761116865,13.991983453772544,14.426392314288565,16.75477719152982,23.0694293620011,156.80095032191863,15.104631585898662,15.9956236880951,16.814315850199616,18.07159199624306,16.3496199659107,18.29576110378734,192.9535817189323,16.57299351842782,17.252619598525175,17.441904132538607,198.941397947729,15.483269875300246,15.649111733099724,15.032869200885628,18.242981589927847,18.242981589927847,35.99048905839724,18.584654968602,16.00131023717416,19.526111000059,198.3711555600715,14.235908696779084,198.2489965710434,21.73434022662812
7,freq_Weekly,132.5659603287831,101.22070471852328,102.04919663039996,108.39168483755874,103.9138868524532,122.6200622896172,101.4262352541977,101.5411381748896,102.16922174454233,103.60258442648517,85.4519645934776,102.74301717894878,133.269081043739,100.8955792253572,102.02239510910658,103.0266772223133,181.79424165583796,58.17746181242009,101.323662511672,101.48563695422456,21.619401152588715,21.619401152588715,120.17038839305356,58.67713761438446,84.53388283149188,78.89649932098399,183.9159097317209,95.17490550516682,184.13901110257785,76.56412893562847
8,freq_Yearly,199.43858030195483,19.00554151037883,22.256229981673865,20.30030132682187,22.045728935733354,157.32278608401998,21.405130539496945,22.13519530207427,23.90001269123545,23.57362368339695,21.353750289167404,30.49059752236616,199.6992612754173,19.33036930430744,19.479657969916087,20.28530923463501,199.77949410003683,20.62154592771561,20.789540165137872,20.272992497874363,19.943743077142912,19.943743077142912,42.58197743521243,20.12253905185616,41.957022036934575,157.25174036256118,197.9858511157618,20.287689605641116,198.25020105378525,36.965841427875134
9,Trend_False,130.26394522667775,42.358282605686775,43.28901045529383,44.83805195953887,50.4462073696389,106.2802822989934,43.921403758664106,44.26280928641682,44.21504374910687,44.73973554859506,40.86616542812252,48.44567783121389,140.55960135259468,48.51250988900705,49.43994986278389,47.69285257525003,144.851686659307,34.257239157073,42.82073327887458,42.31342062838199,35.434449329842906,35.434449329842906,49.11826166773157,42.92827072157703,44.254094491713225,60.577255485121015,147.70512634486198,43.7740067366425,150.7628581630416,38.97793879998152
10,Trend_True,135.54351825927543,12.17639884212026,13.611788361198116,14.821324444527086,15.702800557826558,101.46379855637844,14.154017651015058,14.378785881747923,15.604673139132055,16.30392638680602,13.200191833766157,16.07066088805462,138.39107203844182,15.149997059505996,15.642819085816477,15.0771742389965,181.8640172872625,11.0708873771752,13.505443279348016,13.424671781598231,13.35494349244232,13.35494349244232,43.491535431078745,14.565768966946628,17.726891103975813,52.78274891588897,183.80733472227467,13.34888154180588,185.2335717946288,25.50214818368632
11,Stationarity_False,138.34323747873495,16.079540864035888,17.531569320326696,19.042819332918768,20.65783506435199,104.95154371664368,18.22765401139043,18.26435582261385,19.44163998996051,20.192707952292647,17.215037563068236,20.057507661174903,143.8413193393382,18.88577797483237,19.653710560266752,20.02526055750721,180.391978165767,13.369098185548932,17.173465918249136,17.063381320261904,15.138312179457188,15.138312179457188,43.68494954652786,16.93386128506772,22.5134988712825,52.60696564161175,182.7713003384941,17.34142648214073,185.02274605128648,29.03353922618768
12,Stationarity_True,124.89080258782012,42.3795246588157,43.18363799049694,44.34271773006805,49.75689560233136,101.86721680037417,43.59688815281684,44.2515494065516,44.02389899051532,44.43256536467724,40.17037601407567,48.77539038674495,132.58969140423284,49.3980842306005,50.01710019908349,47.332113334404376,139.3615661564575,35.103216956374204,43.02990352301983,42.4824537208482,36.80061746475973,36.80061746475973,49.94066115009403,44.60788890389306,42.08587020074715,62.47054134023305,142.0798742826579,43.732069630437366,144.19154978437592,34.640985665883754
13,Transition_False,158.7959546240143,30.44384318080988,31.965138670706985,33.33410899782482,33.11673681803185,125.8044838096136,31.79475196686066,32.536493157135844,33.65443807911753,33.78720690768552,24.40490636913651,34.3246036059247,161.019203087238,30.85390704139753,31.743861015691632,31.27880374011377,188.16748215565917,18.35020630690677,31.743012687768942,31.48954789133543,12.42810929103115,12.42810929103115,63.1224551015789,18.144843165594025,30.40297777041144,70.53355299925929,190.0958239504115,29.061773314140105,191.34625118428195,35.050009791822525
14,Transition_True,118.82855992093992,24.208146832698915,25.22612058171588,26.557171801644785,31.54698480703647,91.54537654205632,26.228194991900853,26.25281735995132,26.6046782412676,27.486820118152885,26.946808162024976,29.71494989969384,127.4798855686542,30.93094707013186,31.51874360934882,29.0802268248404,151.52281188536426,23.509998283798385,24.91623370394294,24.618242119551656,28.8030500989075,28.8030500989075,36.782563593745074,32.42618304615263,29.878916900545462,49.00981009564239,153.8732257587289,26.936820733455505,156.58683377491974,27.935338195199563
15,Shifting_False,123.1538765027342,29.986972605942665,30.78963065209569,31.576764126767117,36.904317507418256,97.46531705006342,31.91930630991665,31.914444238610415,31.750869105413383,32.54460142005602,31.51920391546472,35.44571446377796,133.70054004044763,36.00104404576115,36.61128779056859,34.52684654210339,150.9133861675556,27.42465261072237,30.631093688840824,30.45737260414229,29.69551705787438,29.69551705787438,38.77660162840395,35.457506193489046,35.629048179380746,55.84501460015072,154.30525366796553,31.95626263619213,157.14953326308628,31.34644331883788
16,Shifting_True,142.6436827049821,22.976449339992733,24.555960045586787,26.374968080683736,27.454426806145985,109.81925671975672,24.61251677687856,25.168372261943883,26.55690884989652,26.99962483450412,20.64194575081716,27.390675969161904,144.95344224143014,25.95823756059373,26.74056912313601,25.69284231712471,176.17176041387629,16.102440530448828,24.16104050465933,23.77380270448748,17.087226619068378,17.087226619068378,53.29811304825989,19.78875702711909,24.511794642166592,56.92941491702528,178.83771113357506,23.524603697401115,180.405146205283,30.43753280322812
0,Seasonality_False,94.6546406231121,25.97001525123162,27.592534336968196,30.29918976469189,34.15250894586611,85.96260358210459,27.52294054114968,29.24856314568321,38.76238049689187,37.28249464851336,62.24259486880256,52.20169642807257,98.37700409908618,33.524255249782364,31.92776627696795,23.56888981079814,140.80041277297187,61.53630691291463,37.95292872015279,36.55190396476123,27.442228165638696,27.442228165638696,487.57097472841616,48.958682427167616,397742921761.5802,35.07282271499476,101.117947803023,93.15793873469792,104.63765766576348,30.70576339565112
1,Seasonality_True,65.07233499288702,10.788966943397844,12.085369093112597,15.309118943988327,18.452905168749854,62.31845363733969,14.22330401391902,13.367723426183204,14.339174763459123,15.438528257174378,12.30698360386574,16.00290543726789,76.80138285718336,20.74932587364134,22.092752423587488,18.012791037818364,88.40743743061397,12.08552382361954,12.45069741095572,12.258465981804246,21.947900454930565,21.947900454930565,36.18160972064419,22.20939917996597,40332056940.65141,37.40264734084525,86.55301223739193,16.454220240463094,87.8101340439693,15.961709635653303
2,freq_Daily,101.8476716134934,31.90681634175016,36.10991704010413,41.66824764060485,46.74988026700921,69.19428045275137,35.93689163344599,36.10047069871353,69.01970745862334,62.87109256441765,140.08397596986924,67.96348518218305,84.10915472930348,57.04323372452591,47.12488942877529,28.292974601249234,222.4633667266909,143.20387193516186,64.93062213495446,65.65349077234055,33.94544676137546,33.94544676137546,1502.1098095146642,101.45994624657222,187.52309450409425,28.112016763704084,112.866883472918,251.19194206997776,121.67294243317818,
3,freq_Hourly,35.48670548291771,23.89121648550218,24.402409129141414,32.82930427752787,29.927968232564805,33.13371925627025,27.73111054365144,26.68802431442526,26.20116620436613,26.521779092560248,28.957452961894724,31.95208307357919,41.56120542095029,42.43409637442297,45.81692083887426,,75.01311358171293,24.10532047186309,24.04436129947591,21.972700393917524,42.59965966843421,42.59965966843421,55.461308351968505,42.81226599726333,30.39556396990289,50.95609255460899,50.13671361855295,33.471616730591805,53.91054982285325,
4,freq_Monthly,66.68602274655312,13.974849055802077,14.070617170705196,17.424986121666223,21.61043281099712,53.91194368663213,15.940380857552002,14.621743019207658,14.719987221818467,16.348360193311827,15.669193847851124,20.844540112121383,85.05179065351096,18.651444847824497,22.32900051705807,18.27313296850984,97.27208958156707,14.52958983671339,16.969594167113698,14.855870749376146,21.63082988373102,21.63082988373102,26.585992372785142,22.771666017530197,44841758314.86962,17.859760789072144,97.4583802493256,16.243460639116716,97.74970951836548,16.580739180284137
5,freq_Other,65.7293397857698,10.621513742529949,11.786954311388468,13.913668409174637,16.761402694474064,75.21060845230873,10.637595645535583,14.893076783282789,14.676925920464402,14.691867959534807,13.19700543646613,10.690222495106411,73.63306660891966,15.681571355280782,16.28871233570616,12.825519692744868,80.16570606354215,13.092004437347631,10.324165405138396,10.081955430795327,16.729293731281587,16.729293731281587,38.54688368850027,16.044764168293437,12.631407706677958,14.754438927980246,79.7590557219704,13.053065937159056,83.46207765671164,
6,freq_Quarterly,97.22996576626718,14.947319212927155,15.587520449573235,18.114329457127248,22.690748641544012,107.48626495836002,15.95294702684536,17.539278032202144,18.490809515855677,20.000037353973536,18.07710172400043,21.14140056506596,108.21778248409515,17.334150722536982,18.4260453345356,18.007792823061905,99.69517806048724,17.222230773800927,17.611714466223376,16.25934308755126,18.49091532204965,18.49091532204965,34.64884958392801,18.892874267464105,17.962833399667087,19.135665596698527,99.5612416674446,15.526228144577956,99.53020206552172,23.93173925615643
7,freq_Weekly,74.53998991840282,27.71259725148428,28.547582697094,31.719952271144347,36.98491490075709,51.09080848383305,28.717096964551367,33.40352178879683,29.14086161744623,30.702635521470736,34.31839596562179,37.07375247451426,55.04521194420007,29.517250029576395,29.867576708477245,30.570000510348848,99.03174488445292,32.5847575390306,30.569843739690803,30.64773522109753,31.06703445290522,31.06703445290522,68.90238738247028,33.30840068125954,1339.3730737716114,28.66224725608515,91.39552131391454,29.831358920292622,97.694115607318,33.0297266560181
8,freq_Yearly,99.8183147600915,19.344560201751875,21.39963896902932,19.29162420903904,22.27842439478233,108.41336021944532,21.75601365519213,23.21645134631392,23.86788984915041,23.30268850873052,22.153066871404583,57.165102778832924,121.44444635645269,20.18528106896939,20.33144080455952,21.832338938681136,99.94830142847056,21.42412700132327,21.620158655822127,20.82773980401363,20.363789158192656,20.363789158192656,36.36567262782053,21.245229886177007,1292212060167.82,81.43055527434737,99.29913414119996,21.63020649741728,99.41383057237984,32.72884278381023
9,Trend_False,93.60773564065607,31.873273923568288,32.94914941539342,39.1452242905007,45.59285046714953,84.93762640153065,34.120888879005456,35.06707341975763,47.63241348779292,45.48372912500672,81.5693560012974,56.25145643692922,98.71295191441182,41.69707951616924,46.15596253939677,33.145907966476685,151.84983090500523,81.06375052444972,46.30674399255258,45.32821474990366,39.695315359386825,39.695315359386825,73.13039393425525,41.16923554456153,519048141660.3489,42.45615313776232,97.7836302217742,55.41009711664239,102.69358038453387,30.487277572551367
10,Trend_True,74.8138144666335,10.404255984802782,12.255105567509071,12.237260452023822,13.60188400553628,70.25798330265496,12.69452332807692,13.263461869106573,14.24423528319825,15.13502138219673,11.12980334195564,23.470053513365297,82.98777753952338,17.75121752892677,13.155032940975325,12.662599764117216,93.93464958844652,10.595380345966818,13.116251531026265,12.208763663446154,13.359037114160865,13.359037114160865,517.6866126856443,36.73415474236691,46128284479.2852,30.53658209387295,93.70402638593195,71.01721751720414,94.47556115087704,21.35524756893807
11,Stationarity_False,75.60671765888546,12.128397067064148,13.96917554704728,14.302909013866437,16.78869096127291,72.39303818421617,14.63204244556951,15.148048249081098,15.997168830039367,16.97207976889375,13.229870289063149,24.26403094001637,85.6697640533931,14.84100344598692,15.44176235010031,15.169282364177947,92.96279177671111,12.589187789509088,14.395388573479922,13.498517230127767,15.780458097995597,15.780458097995597,39.12163062304143,16.175688794124216,422624515819.46686,30.370472115764013,93.47655701885353,13.448151244342034,94.44223452174776,22.765670639238035
12,Stationarity_True,95.9482468682108,33.22095993801851,34.16364671012289,40.97994917699018,46.59895106143507,84.30955264725598,35.114541723768795,36.219289418873146,51.2329152089228,48.36088840909947,91.75462562423948,61.28872999837701,97.3993044555781,51.03412056342731,48.815897271357976,33.611200504736054,164.63188718646208,91.4268220556383,50.63651614479367,49.627072447879314,40.85115754994639,40.85115754994639,763.0998388182987,75.34930447694438,427.62995980988256,45.024967264198594,98.93939729890404,145.65748985498072,104.3330331371796,29.34327031179849
13,Transition_False,86.35295124310862,11.228875866216136,12.67198564541806,13.981083793047556,15.070935003899947,83.1630838808415,12.67007522394119,13.89401834284341,17.51978235496457,17.57889219013049,24.56993561381046,29.61161599595056,95.42924297420588,13.257943978185848,15.20923342500368,12.627010149797345,111.72561264849357,25.822156662449597,16.363798465698753,16.335008222194382,15.426565338799769,15.426565338799769,46.53366352581976,15.221315872011882,779776315001.198,36.39513886494665,99.32051648468531,16.127421097379347,100.15552371296548,23.99776506359998
14,Transition_True,81.86271828996196,24.68964824251806,26.215444116243667,29.66809452014021,34.76322724643469,73.80209639089324,27.378891028552367,27.875837900628863,35.45546384687175,34.680519316234346,52.57847549538727,42.81668196874124,87.48076672249724,36.410820035328896,34.712797737363665,26.7852981507334,126.37968486319588,51.16295882606869,34.20211374246681,32.80295074769376,30.347249114111086,30.347249114111086,450.883803036806,50.617291484360855,146316.6668900174,35.74322581520935,93.66522802886912,88.01739145851262,97.2385908574964,25.461083114431283
15,Shifting_False,89.88055760081618,27.01018863908205,28.88284417497715,32.12794787394939,38.09622292576709,80.27551628229554,30.22185560188928,31.10475622067642,42.36671273913152,40.66244186840456,71.10916795549058,51.84978932994992,94.84286479158932,35.53962605262919,38.82558283906121,27.98636191874549,150.31938620858136,71.05144902369052,41.10389618533232,40.38999947764418,32.958713735683745,32.958713735683745,71.42327671762285,34.54435975305183,187718.54347132464,38.13297924703784,99.71854744636282,47.73217561380077,104.12493616112702,26.349371055640603
16,Shifting_True,76.9240403677364,13.414601863068787,14.54196971772154,16.630201241536895,18.333938760446223,73.63945058750522,14.754359980254698,15.354255833384189,16.65233180906446,17.357909156894426,15.56681929991019,25.073573848251485,85.49697746093192,21.833552000251093,17.637828011352124,15.573373811136063,91.50499236705568,14.58683353331208,15.47813167035084,14.314776345503931,17.813745376224016,17.813745376224016,556.6899022391365,42.91661804209846,519985143458.4203,33.81349805102728,91.44717227073365,79.93074333978615,92.36903047894052,23.696496365176827
